#	i_init_Turns_Coil	L2_Magnet_Thickness	L1_Web_Length	L2_Pole_Arc	L1_Pole_V_angle	L1_Pole_Arc	u_YtoT	L1_Web_Thickness	L1_Magnet_Thickness	L1_Magnet_Separation	L2_Magnet_Bar_Width	L1_Magnet_Post	L2_Bridge_Thickness	L1_Magnet_Bar_Width	i_Tooth_Width_Ratio	L2_Web_Thickness	i_Split_Ratio	i_Slot_Op_Ratio	i_Stator_OD	i_AmpT_rms	L1_Bridge_Thickness	i_Line_Current_RMS	i_Active_Length	o_OP1_max_temp	o_Op1_ShaftToruqe	o_Op1_ipk	o_Torque_Density	o_Turn_Coil	o_Weight_Act	o_Weight_Mag	o_Weight_Rot_Core	o_Weight_Stat_Core	o_Weight_Wdg	o_Wh_Loss	o_Wh_Shaft	o_Wh_input	obj_o_Weight_Act	constr_o_OP1_max_temp	constr_o_Op1_ShaftToruqe	obj_o_Wh_Loss
144	11	6.08875	0.5702499999999999	0.5721875	110.65	0.6144999999999999	2.420625	0.325125	6.89875	3.80875	0.3597	1.838125	1.931875	0.8646250000000001	0.5860624999999999	0.19675	0.6689375000000001	0.685625	418.1	1866.8125	1.784375	636.3961030678927	139.5875	70.1587661140466	1300.00000005	659.060336998	67.83387186507527	11.73365135958944	136.3211781474054	6.106163668615512	48.75254005813245	49.21381787875645	27.8979315029162	624.672270346	9751.81043439	10341.8927973				
