#	i_init_Turns_Coil	L2_Magnet_Thickness	L1_Web_Length	L2_Pole_Arc	L1_Pole_V_angle	L1_Pole_Arc	u_YtoT	L1_Web_Thickness	L1_Magnet_Thickness	L1_Magnet_Separation	L2_Magnet_Bar_Width	L1_Magnet_Post	L2_Bridge_Thickness	L1_Magnet_Bar_Width	i_Tooth_Width_Ratio	L2_Web_Thickness	i_Split_Ratio	i_Slot_Op_Ratio	i_Stator_OD	i_AmpT_rms	L1_Bridge_Thickness	i_Line_Current_RMS	i_Active_Length	o_OP1_max_temp	o_Op1_ShaftToruqe	o_Op1_ipk	o_Torque_Density	o_Turn_Coil	o_Weight_Act	o_Weight_Mag	o_Weight_Rot_Core	o_Weight_Stat_Core	o_Weight_Wdg	o_Wh_Loss	o_Wh_Shaft	o_Wh_input	obj_o_Weight_Act	constr_o_OP1_max_temp	constr_o_Op1_ShaftToruqe	obj_o_Wh_Loss
199	11	4.01125	0.14125	0.7206874999999999	102.35	0.7605	2.524375	0.2131250000000001	4.52875	1.49875	0.3709	1.525625	1.919375	0.850875	0.5170625	0.3422499999999999	0.7588625000000001	0.627125	409.3	1851.0625	1.696875	636.3961030678927	142.0575	72.23705077001161	1299.99999951	713.129544569	69.55139002102459	11.63465641022332	133.1840775395095	4.734334216577405	48.94027478577478	45.85400074881698	29.29733440413852	615.6186778810001	9751.810702889999	10332.3835208				
