#	i_init_Turns_Coil	L2_Magnet_Thickness	L1_Web_Length	L2_Pole_Arc	L1_Pole_V_angle	L1_Pole_Arc	u_YtoT	L1_Web_Thickness	L1_Magnet_Thickness	L1_Magnet_Separation	L2_Magnet_Bar_Width	L1_Magnet_Post	L2_Bridge_Thickness	L1_Magnet_Bar_Width	i_Tooth_Width_Ratio	L2_Web_Thickness	i_Split_Ratio	i_Slot_Op_Ratio	i_Stator_OD	i_AmpT_rms	L1_Bridge_Thickness	i_Line_Current_RMS	i_Active_Length	o_OP1_max_temp	o_Op1_ShaftToruqe	o_Op1_ipk	o_Torque_Density	o_Turn_Coil	o_Weight_Act	o_Weight_Mag	o_Weight_Rot_Core	o_Weight_Stat_Core	o_Weight_Wdg	o_Wh_Loss	o_Wh_Shaft	o_Wh_input	obj_o_Weight_Act	constr_o_OP1_max_temp	constr_o_Op1_ShaftToruqe	obj_o_Wh_Loss
148	11	4.65625	0.47875	0.4675624999999999	124.35	0.7494999999999999	2.338125	0.683875	4.70875	1.04375	0.4171	1.913125	1.903125	0.8281250000000001	0.5916874999999999	0.55525	0.6604125000000001	0.535625	397.1	1760.0625	1.718125	636.3961030678927	121.7775	88.7529650718561	1256.03059526	900.000000216	83.28053545225507	11.06268559166354	108.5910865205989	3.629177117239423	38.80815556608569	38.66199125999137	23.14056745224536	560.532820379	9751.81025558	10273.6278036				
