#	i_init_Turns_Coil	L2_Magnet_Thickness	L1_Web_Length	L2_Pole_Arc	L1_Pole_V_angle	L1_Pole_Arc	u_YtoT	L1_Web_Thickness	L1_Magnet_Thickness	L1_Magnet_Separation	L2_Magnet_Bar_Width	L1_Magnet_Post	L2_Bridge_Thickness	L1_Magnet_Bar_Width	i_Tooth_Width_Ratio	L2_Web_Thickness	i_Split_Ratio	i_Slot_Op_Ratio	i_Stator_OD	i_AmpT_rms	L1_Bridge_Thickness	i_Line_Current_RMS	i_Active_Length	o_OP1_max_temp	o_Op1_ShaftToruqe	o_Op1_ipk	o_Torque_Density	o_Turn_Coil	o_Weight_Act	o_Weight_Mag	o_Weight_Rot_Core	o_Weight_Stat_Core	o_Weight_Wdg	o_Wh_Loss	o_Wh_Shaft	o_Wh_input	obj_o_Weight_Act	constr_o_OP1_max_temp	constr_o_Op1_ShaftToruqe	obj_o_Wh_Loss
74	11	6.63625	0.6527499999999999	0.4709375	96.94999999999999	0.8194999999999999	2.300625	0.3688750000000001	4.97875	1.88375	0.5431	1.538125	1.815625	0.8193750000000001	0.5736874999999999	0.2747499999999999	0.7539125000000001	0.639875	403.7	1897.4375	1.856875	636.3961030678927	120.6075	79.3985387130066	1299.99998291	760.808178781	84.20960904456327	11.92614153891244	111.6407366897333	5.427025311278285	38.09594050202506	38.74865949749255	25.01905186027845	601.023466777	9751.810957649999	10316.4777385				
