#	i_init_Turns_Coil	L2_Magnet_Thickness	L1_Web_Length	L2_Pole_Arc	L1_Pole_V_angle	L1_Pole_Arc	u_YtoT	L1_Web_Thickness	L1_Magnet_Thickness	L1_Magnet_Separation	L2_Magnet_Bar_Width	L1_Magnet_Post	L2_Bridge_Thickness	L1_Magnet_Bar_Width	i_Tooth_Width_Ratio	L2_Web_Thickness	i_Split_Ratio	i_Slot_Op_Ratio	i_Stator_OD	i_AmpT_rms	L1_Bridge_Thickness	i_Line_Current_RMS	i_Active_Length	o_OP1_max_temp	o_Op1_ShaftToruqe	o_Op1_ipk	o_Torque_Density	o_Turn_Coil	o_Weight_Act	o_Weight_Mag	o_Weight_Rot_Core	o_Weight_Stat_Core	o_Weight_Wdg	o_Wh_Loss	o_Wh_Shaft	o_Wh_input	obj_o_Weight_Act	constr_o_OP1_max_temp	constr_o_Op1_ShaftToruqe	obj_o_Wh_Loss
333	11	6.30625	0.54325	0.4495625	93.34999999999999	0.6915	2.550625	0.6103750000000001	5.45125	5.103750000000001	0.3275	1.799375	1.731875	0.8091250000000001	0.5538124999999999	0.39325	0.6868125	0.7778750000000001	364.9	1831.8125	1.661875	636.3961030678927	134.1925	96.6320748095127	1299.99999228	847.506073595	92.63551019973796	11.51366258322029	96.61551406907016	4.738369582132527	31.85524972292801	35.59754418333336	20.07881607235438	544.313427454	9751.810620140001	10256.3914653				
