#	i_init_Turns_Coil	L2_Magnet_Thickness	L1_Web_Length	L2_Pole_Arc	L1_Pole_V_angle	L1_Pole_Arc	u_YtoT	L1_Web_Thickness	L1_Magnet_Thickness	L1_Magnet_Separation	L2_Magnet_Bar_Width	L1_Magnet_Post	L2_Bridge_Thickness	L1_Magnet_Bar_Width	i_Tooth_Width_Ratio	L2_Web_Thickness	i_Split_Ratio	i_Slot_Op_Ratio	i_Stator_OD	i_AmpT_rms	L1_Bridge_Thickness	i_Line_Current_RMS	i_Active_Length	o_OP1_max_temp	o_Op1_ShaftToruqe	o_Op1_ipk	o_Torque_Density	o_Turn_Coil	o_Weight_Act	o_Weight_Mag	o_Weight_Rot_Core	o_Weight_Stat_Core	o_Weight_Wdg	o_Wh_Loss	o_Wh_Shaft	o_Wh_input	obj_o_Weight_Act	constr_o_OP1_max_temp	constr_o_Op1_ShaftToruqe	obj_o_Wh_Loss
172	11	5.31625	0.60475	0.5418124999999999	110.25	0.8794999999999999	2.295625	0.7818750000000001	6.14875	4.21125	0.3443000000000001	1.898125	1.623125	0.8041250000000001	0.5016875	0.5792499999999999	0.7236625000000001	0.663875	431.7	1663.8125	1.641875	636.3961030678927	138.1575	68.6586502033833	1299.99999891	796.024222603	64.28577846228227	10.45771645664838	145.9952932984096	6.374870532215034	52.15723489572743	47.47478629687917	35.6289583139327	686.434421015	9751.81063039	10401.8333703				
