#	i_init_Turns_Coil	L2_Magnet_Thickness	L1_Web_Length	L2_Pole_Arc	L1_Pole_V_angle	L1_Pole_Arc	u_YtoT	L1_Web_Thickness	L1_Magnet_Thickness	L1_Magnet_Separation	L2_Magnet_Bar_Width	L1_Magnet_Post	L2_Bridge_Thickness	L1_Magnet_Bar_Width	i_Tooth_Width_Ratio	L2_Web_Thickness	i_Split_Ratio	i_Slot_Op_Ratio	i_Stator_OD	i_AmpT_rms	L1_Bridge_Thickness	i_Line_Current_RMS	i_Active_Length	o_OP1_max_temp	o_Op1_ShaftToruqe	o_Op1_ipk	o_Torque_Density	o_Turn_Coil	o_Weight_Act	o_Weight_Mag	o_Weight_Rot_Core	o_Weight_Stat_Core	o_Weight_Wdg	o_Wh_Loss	o_Wh_Shaft	o_Wh_input	obj_o_Weight_Act	constr_o_OP1_max_temp	constr_o_Op1_ShaftToruqe	obj_o_Wh_Loss
249	11	5.12125	0.64825	0.6621874999999999	116.95	0.8274999999999999	2.591875	0.5701250000000001	6.69625	3.61625	0.6901	1.541875	1.754375	0.8068750000000001	0.5268124999999999	0.36475	0.6659125000000001	0.6571250000000001	437.5	1656.8125	1.838125	636.3961030678927	126.8475	63.8557745306067	1299.9996494	708.869771881	68.17345852142546	10.41371870137455	139.7846253991216	6.956839563934198	49.37270950680484	47.49739246911506	31.60136414983585	645.209221542	9751.809401799999	10363.2770858				
