#	i_init_Turns_Coil	L2_Magnet_Thickness	L1_Web_Length	L2_Pole_Arc	L1_Pole_V_angle	L1_Pole_Arc	u_YtoT	L1_Web_Thickness	L1_Magnet_Thickness	L1_Magnet_Separation	L2_Magnet_Bar_Width	L1_Magnet_Post	L2_Bridge_Thickness	L1_Magnet_Bar_Width	i_Tooth_Width_Ratio	L2_Web_Thickness	i_Split_Ratio	i_Slot_Op_Ratio	i_Stator_OD	i_AmpT_rms	L1_Bridge_Thickness	i_Line_Current_RMS	i_Active_Length	o_OP1_max_temp	o_Op1_ShaftToruqe	o_Op1_ipk	o_Torque_Density	o_Turn_Coil	o_Weight_Act	o_Weight_Mag	o_Weight_Rot_Core	o_Weight_Stat_Core	o_Weight_Wdg	o_Wh_Loss	o_Wh_Shaft	o_Wh_input	obj_o_Weight_Act	constr_o_OP1_max_temp	constr_o_Op1_ShaftToruqe	obj_o_Wh_Loss
195	11	6.38125	0.6137499999999999	0.3786875	129.65	0.5725	2.318125	0.8011250000000001	4.43875	3.96625	0.6705000000000001	1.746875	1.519375	0.8083750000000001	0.5721875	0.4682499999999999	0.7673875000000001	0.7156250000000001	398.1	1794.1875	1.614375	636.3961030678927	131.9825	89.9658872601738	1272.05484076	899.999999999	77.43106773295092	11.27717464862346	116.5946216917334	3.649732969218611	42.11785674902152	41.23096844764251	25.2475647651821	577.987563389	9751.810457969999	10290.3968731				
