#	i_init_Turns_Coil	L2_Magnet_Thickness	L1_Web_Length	L2_Pole_Arc	L1_Pole_V_angle	L1_Pole_Arc	u_YtoT	L1_Web_Thickness	L1_Magnet_Thickness	L1_Magnet_Separation	L2_Magnet_Bar_Width	L1_Magnet_Post	L2_Bridge_Thickness	L1_Magnet_Bar_Width	i_Tooth_Width_Ratio	L2_Web_Thickness	i_Split_Ratio	i_Slot_Op_Ratio	i_Stator_OD	i_AmpT_rms	L1_Bridge_Thickness	i_Line_Current_RMS	i_Active_Length	o_OP1_max_temp	o_Op1_ShaftToruqe	o_Op1_ipk	o_Torque_Density	o_Turn_Coil	o_Weight_Act	o_Weight_Mag	o_Weight_Rot_Core	o_Weight_Stat_Core	o_Weight_Wdg	o_Wh_Loss	o_Wh_Shaft	o_Wh_input	obj_o_Weight_Act	constr_o_OP1_max_temp	constr_o_Op1_ShaftToruqe	obj_o_Wh_Loss
323	11	6.11125	0.15625	0.5080625	122.55	0.6395	2.501875	0.7678750000000001	6.35875	5.83875	0.4073	1.828125	1.936875	0.8658750000000001	0.6325624999999999	0.5117499999999999	0.6978125000000001	0.540875	421.7	1883.4375	1.898125	636.3961030678927	125.1575	77.9206244741135	1300.00000004	726.77468308	74.36856291228386	11.83814602836478	125.9577715435623	5.007586371057518	45.33373897472821	47.061704891986	24.20456892309654	565.36696468	9751.810049150001	10281.6672508				
