#	i_init_Turns_Coil	L2_Magnet_Thickness	L1_Web_Length	L2_Pole_Arc	L1_Pole_V_angle	L1_Pole_Arc	u_YtoT	L1_Web_Thickness	L1_Magnet_Thickness	L1_Magnet_Separation	L2_Magnet_Bar_Width	L1_Magnet_Post	L2_Bridge_Thickness	L1_Magnet_Bar_Width	i_Tooth_Width_Ratio	L2_Web_Thickness	i_Split_Ratio	i_Slot_Op_Ratio	i_Stator_OD	i_AmpT_rms	L1_Bridge_Thickness	i_Line_Current_RMS	i_Active_Length	o_OP1_max_temp	o_Op1_ShaftToruqe	o_Op1_ipk	o_Torque_Density	o_Turn_Coil	o_Weight_Act	o_Weight_Mag	o_Weight_Rot_Core	o_Weight_Stat_Core	o_Weight_Wdg	o_Wh_Loss	o_Wh_Shaft	o_Wh_input	obj_o_Weight_Act	constr_o_OP1_max_temp	constr_o_Op1_ShaftToruqe	obj_o_Wh_Loss
29	11	6.35125	0.36025	0.6396875	90.34999999999999	0.8105	2.745625	0.4213750000000001	6.26125	3.21375	0.4829000000000001	1.613125	1.921875	0.8078750000000001	0.5620624999999999	0.20575	0.6727875000000001	0.799625	415.5	1922.8125	1.991875	636.3961030678927	120.4775	74.21677468531939	1299.99999166	689.415635434	79.58028037475503	12.08563340178008	117.9787029548056	6.693266627143367	39.80697215272146	42.5435654943123	24.58916734801846	588.889675167	9751.810008709999	10306.1774924				
