#	i_init_Turns_Coil	L2_Magnet_Thickness	L1_Web_Length	L2_Pole_Arc	L1_Pole_V_angle	L1_Pole_Arc	u_YtoT	L1_Web_Thickness	L1_Magnet_Thickness	L1_Magnet_Separation	L2_Magnet_Bar_Width	L1_Magnet_Post	L2_Bridge_Thickness	L1_Magnet_Bar_Width	i_Tooth_Width_Ratio	L2_Web_Thickness	i_Split_Ratio	i_Slot_Op_Ratio	i_Stator_OD	i_AmpT_rms	L1_Bridge_Thickness	i_Line_Current_RMS	i_Active_Length	o_OP1_max_temp	o_Op1_ShaftToruqe	o_Op1_ipk	o_Torque_Density	o_Turn_Coil	o_Weight_Act	o_Weight_Mag	o_Weight_Rot_Core	o_Weight_Stat_Core	o_Weight_Wdg	o_Wh_Loss	o_Wh_Shaft	o_Wh_input	obj_o_Weight_Act	constr_o_OP1_max_temp	constr_o_Op1_ShaftToruqe	obj_o_Wh_Loss
33	11	6.98125	0.50275	0.5024374999999999	128.85	0.7795	2.508125	0.5893750000000001	6.06625	4.61375	0.7531000000000001	1.595625	1.843125	0.8571250000000001	0.5301874999999999	0.22825	0.7431875000000001	0.786875	419.1	1661.1875	1.733125	636.3961030678927	141.1475	65.86719998387311	1300.00004432	698.890502833	66.76440358359774	10.44121729842069	139.2349900977636	7.17859036704396	49.16705341087913	48.10058471674486	30.43889544488415	638.499263655	9751.81013785	10356.4576559				
