#	i_init_Turns_Coil	L2_Magnet_Thickness	L1_Web_Length	L2_Pole_Arc	L1_Pole_V_angle	L1_Pole_Arc	u_YtoT	L1_Web_Thickness	L1_Magnet_Thickness	L1_Magnet_Separation	L2_Magnet_Bar_Width	L1_Magnet_Post	L2_Bridge_Thickness	L1_Magnet_Bar_Width	i_Tooth_Width_Ratio	L2_Web_Thickness	i_Split_Ratio	i_Slot_Op_Ratio	i_Stator_OD	i_AmpT_rms	L1_Bridge_Thickness	i_Line_Current_RMS	i_Active_Length	o_OP1_max_temp	o_Op1_ShaftToruqe	o_Op1_ipk	o_Torque_Density	o_Turn_Coil	o_Weight_Act	o_Weight_Mag	o_Weight_Rot_Core	o_Weight_Stat_Core	o_Weight_Wdg	o_Wh_Loss	o_Wh_Shaft	o_Wh_input	obj_o_Weight_Act	constr_o_OP1_max_temp	constr_o_Op1_ShaftToruqe	obj_o_Wh_Loss
35	11	5.48875	0.24925	0.7454375	102.25	0.5944999999999999	2.375625	0.496625	6.77875	3.65125	0.7153	1.793125	1.795625	0.876125	0.5358124999999999	0.14425	0.6824125000000001	0.6773750000000001	437.9	1783.6875	1.596875	636.3961030678927	134.2575	63.3749970630623	1299.99992162	636.149678964	64.29319354835066	11.21117801571271	147.345076478035	6.780365907681777	52.9510074651563	49.44953890420004	33.80840626441817	757.0624639489999	9751.810292779999	10471.9809925				
