#	i_init_Turns_Coil	L2_Magnet_Thickness	L1_Web_Length	L2_Pole_Arc	L1_Pole_V_angle	L1_Pole_Arc	u_YtoT	L1_Web_Thickness	L1_Magnet_Thickness	L1_Magnet_Separation	L2_Magnet_Bar_Width	L1_Magnet_Post	L2_Bridge_Thickness	L1_Magnet_Bar_Width	i_Tooth_Width_Ratio	L2_Web_Thickness	i_Split_Ratio	i_Slot_Op_Ratio	i_Stator_OD	i_AmpT_rms	L1_Bridge_Thickness	i_Line_Current_RMS	i_Active_Length	o_OP1_max_temp	o_Op1_ShaftToruqe	o_Op1_ipk	o_Torque_Density	o_Turn_Coil	o_Weight_Act	o_Weight_Mag	o_Weight_Rot_Core	o_Weight_Stat_Core	o_Weight_Wdg	o_Wh_Loss	o_Wh_Shaft	o_Wh_input	obj_o_Weight_Act	constr_o_OP1_max_temp	constr_o_Op1_ShaftToruqe	obj_o_Wh_Loss
69	11	5.03125	0.5177499999999999	0.7398125	112.55	0.5634999999999999	2.539375	0.8291250000000001	4.453749999999999	2.89875	0.5221	1.948125	1.866875	0.861125	0.6426875	0.1487499999999999	0.6664625000000001	0.7748750000000001	411.9	1638.4375	1.986875	636.3961030678927	142.9675	76.6810041464165	1300.00000002	777.944561349	68.23898588811923	10.29822459378075	134.498913099404	4.073067739759247	50.56705921470393	51.78099313431783	23.7333466574893	556.0707711479999	9751.810368230001	10271.8860525				
