#	i_init_Turns_Coil	L2_Magnet_Thickness	L1_Web_Length	L2_Pole_Arc	L1_Pole_V_angle	L1_Pole_Arc	u_YtoT	L1_Web_Thickness	L1_Magnet_Thickness	L1_Magnet_Separation	L2_Magnet_Bar_Width	L1_Magnet_Post	L2_Bridge_Thickness	L1_Magnet_Bar_Width	i_Tooth_Width_Ratio	L2_Web_Thickness	i_Split_Ratio	i_Slot_Op_Ratio	i_Stator_OD	i_AmpT_rms	L1_Bridge_Thickness	i_Line_Current_RMS	i_Active_Length	o_OP1_max_temp	o_Op1_ShaftToruqe	o_Op1_ipk	o_Torque_Density	o_Turn_Coil	o_Weight_Act	o_Weight_Mag	o_Weight_Rot_Core	o_Weight_Stat_Core	o_Weight_Wdg	o_Wh_Loss	o_Wh_Shaft	o_Wh_input	obj_o_Weight_Act	constr_o_OP1_max_temp	constr_o_Op1_ShaftToruqe	obj_o_Wh_Loss
286	11	5.10625	0.10525	0.4889375	106.05	0.5585	2.460625	0.2498750000000001	5.84875	3.59875	0.4269	1.504375	1.694375	0.8288750000000001	0.5204374999999999	0.40225	0.6958875000000001	0.623375	378.7	1689.1875	1.609375	636.3961030678927	119.8275	86.7994709871702	1112.17949598	899.9999999840001	82.40202681348364	10.61720831951601	96.27673867772069	3.696117161899231	32.8409728823939	32.98424695321712	22.4033558614609	587.048634395	9751.810451179999	10296.8903673				
