#	i_init_Turns_Coil	L2_Magnet_Thickness	L1_Web_Length	L2_Pole_Arc	L1_Pole_V_angle	L1_Pole_Arc	u_YtoT	L1_Web_Thickness	L1_Magnet_Thickness	L1_Magnet_Separation	L2_Magnet_Bar_Width	L1_Magnet_Post	L2_Bridge_Thickness	L1_Magnet_Bar_Width	i_Tooth_Width_Ratio	L2_Web_Thickness	i_Split_Ratio	i_Slot_Op_Ratio	i_Stator_OD	i_AmpT_rms	L1_Bridge_Thickness	i_Line_Current_RMS	i_Active_Length	o_OP1_max_temp	o_Op1_ShaftToruqe	o_Op1_ipk	o_Torque_Density	o_Turn_Coil	o_Weight_Act	o_Weight_Mag	o_Weight_Rot_Core	o_Weight_Stat_Core	o_Weight_Wdg	o_Wh_Loss	o_Wh_Shaft	o_Wh_input	obj_o_Weight_Act	constr_o_OP1_max_temp	constr_o_Op1_ShaftToruqe	obj_o_Wh_Loss
351	11	6.98875	0.45025	0.5474374999999999	99.95	0.8584999999999999	2.289375	0.591125	4.60375	5.36625	0.3345	1.679375	1.764375	0.8833750000000001	0.6456875	0.5822499999999999	0.7077125000000001	0.792875	418.5	1576.3125	1.871875	636.3961030678927	117.3575	79.85320146046629	1249.17224505	900.000000109	77.38034662098768	9.90774451572551	117.1738664157056	5.199225651306942	41.00027258420574	42.95564135296739	23.67607198056792	610.117417892	9751.80960267	10324.3222787				
