#	i_init_Turns_Coil	L2_Magnet_Thickness	L1_Web_Length	L2_Pole_Arc	L1_Pole_V_angle	L1_Pole_Arc	u_YtoT	L1_Web_Thickness	L1_Magnet_Thickness	L1_Magnet_Separation	L2_Magnet_Bar_Width	L1_Magnet_Post	L2_Bridge_Thickness	L1_Magnet_Bar_Width	i_Tooth_Width_Ratio	L2_Web_Thickness	i_Split_Ratio	i_Slot_Op_Ratio	i_Stator_OD	i_AmpT_rms	L1_Bridge_Thickness	i_Line_Current_RMS	i_Active_Length	o_OP1_max_temp	o_Op1_ShaftToruqe	o_Op1_ipk	o_Torque_Density	o_Turn_Coil	o_Weight_Act	o_Weight_Mag	o_Weight_Rot_Core	o_Weight_Stat_Core	o_Weight_Wdg	o_Wh_Loss	o_Wh_Shaft	o_Wh_input	obj_o_Weight_Act	constr_o_OP1_max_temp	constr_o_Op1_ShaftToruqe	obj_o_Wh_Loss
84	11	4.31875	0.6632499999999999	0.5283125	118.75	0.6355	2.411875	0.3968750000000001	4.72375	4.666250000000001	0.3107	1.865625	1.741875	0.8851250000000001	0.5474374999999999	0.35275	0.6925875000000001	0.7013750000000001	380.5	1890.4375	1.794375	636.3961030678927	142.7075	92.6000376645223	1299.99981688	848.574629714	80.1119475039456	11.88214378363861	113.0580775097851	3.609730009821391	40.75821991227537	40.31555899678286	24.02424806797536	573.838120927	9751.81020197	10286.9463039				
