#	i_init_Turns_Coil	L2_Magnet_Thickness	L1_Web_Length	L2_Pole_Arc	L1_Pole_V_angle	L1_Pole_Arc	u_YtoT	L1_Web_Thickness	L1_Magnet_Thickness	L1_Magnet_Separation	L2_Magnet_Bar_Width	L1_Magnet_Post	L2_Bridge_Thickness	L1_Magnet_Bar_Width	i_Tooth_Width_Ratio	L2_Web_Thickness	i_Split_Ratio	i_Slot_Op_Ratio	i_Stator_OD	i_AmpT_rms	L1_Bridge_Thickness	i_Line_Current_RMS	i_Active_Length	o_OP1_max_temp	o_Op1_ShaftToruqe	o_Op1_ipk	o_Torque_Density	o_Turn_Coil	o_Weight_Act	o_Weight_Mag	o_Weight_Rot_Core	o_Weight_Stat_Core	o_Weight_Wdg	o_Wh_Loss	o_Wh_Shaft	o_Wh_input	obj_o_Weight_Act	constr_o_OP1_max_temp	constr_o_Op1_ShaftToruqe	obj_o_Wh_Loss
319	11	4.96375	0.4037499999999999	0.6498125	104.15	0.5774999999999999	2.721875	0.797625	5.16625	6.59125	0.7965	1.628125	1.719375	0.8898750000000001	0.5050625	0.6857499999999999	0.7379625000000001	0.5926250000000001	390.3	1823.9375	1.860625	636.3961030678927	141.4725	75.28267018039411	1299.99931864	718.589820457	76.8040483981724	11.46416510853723	118.9165643922945	4.883063252308705	42.25730334790882	42.15299481339444	25.26467580304895	592.780040683	9751.809133729999	10308.7411016				
