#	i_init_Turns_Coil	L2_Magnet_Thickness	L1_Web_Length	L2_Pole_Arc	L1_Pole_V_angle	L1_Pole_Arc	u_YtoT	L1_Web_Thickness	L1_Magnet_Thickness	L1_Magnet_Separation	L2_Magnet_Bar_Width	L1_Magnet_Post	L2_Bridge_Thickness	L1_Magnet_Bar_Width	i_Tooth_Width_Ratio	L2_Web_Thickness	i_Split_Ratio	i_Slot_Op_Ratio	i_Stator_OD	i_AmpT_rms	L1_Bridge_Thickness	i_Line_Current_RMS	i_Active_Length	o_OP1_max_temp	o_Op1_ShaftToruqe	o_Op1_ipk	o_Torque_Density	o_Turn_Coil	o_Weight_Act	o_Weight_Mag	o_Weight_Rot_Core	o_Weight_Stat_Core	o_Weight_Wdg	o_Wh_Loss	o_Wh_Shaft	o_Wh_input	obj_o_Weight_Act	constr_o_OP1_max_temp	constr_o_Op1_ShaftToruqe	obj_o_Wh_Loss
26	11	4.91125	0.69475	0.5429375	128.55	0.7394999999999999	2.489375	0.8151250000000001	4.16125	6.381250000000001	0.6915	1.556875	1.663125	0.8168750000000001	0.5249374999999999	0.20275	0.6705875000000001	0.768875	370.9	1736.4375	1.681875	636.3961030678927	128.4725	91.4098668440017	1223.86695971	900.0000001769999	88.16992819542753	10.91419316761436	97.62260815374927	3.567888265079935	33.83908919804033	34.11075201823742	21.7578957922743	537.695391292	9751.809676000001	10249.9382651				
