#	i_init_Turns_Coil	L2_Magnet_Thickness	L1_Web_Length	L2_Pole_Arc	L1_Pole_V_angle	L1_Pole_Arc	u_YtoT	L1_Web_Thickness	L1_Magnet_Thickness	L1_Magnet_Separation	L2_Magnet_Bar_Width	L1_Magnet_Post	L2_Bridge_Thickness	L1_Magnet_Bar_Width	i_Tooth_Width_Ratio	L2_Web_Thickness	i_Split_Ratio	i_Slot_Op_Ratio	i_Stator_OD	i_AmpT_rms	L1_Bridge_Thickness	i_Line_Current_RMS	i_Active_Length	o_OP1_max_temp	o_Op1_ShaftToruqe	o_Op1_ipk	o_Torque_Density	o_Turn_Coil	o_Weight_Act	o_Weight_Mag	o_Weight_Rot_Core	o_Weight_Stat_Core	o_Weight_Wdg	o_Wh_Loss	o_Wh_Shaft	o_Wh_input	obj_o_Weight_Act	constr_o_OP1_max_temp	constr_o_Op1_ShaftToruqe	obj_o_Wh_Loss
76	11	5.09125	0.6347499999999999	0.5170625	103.95	0.7144999999999999	2.603125	0.445875	4.73125	2.67125	0.4535	1.798125	1.786875	0.8863750000000001	0.5043124999999999	0.6992499999999999	0.7500625000000001	0.659375	369.7	1692.6875	1.509375	636.3961030678927	120.9975	89.9277152891015	1144.5161931	900.000000567	88.11640328866589	10.63920719715293	92.19846367540916	3.89443930701038	31.0677094756891	31.85090128633223	21.03413762652617	586.522398028	9751.80901571	10297.3644584				
