#	i_init_Turns_Coil	L2_Magnet_Thickness	L1_Web_Length	L2_Pole_Arc	L1_Pole_V_angle	L1_Pole_Arc	u_YtoT	L1_Web_Thickness	L1_Magnet_Thickness	L1_Magnet_Separation	L2_Magnet_Bar_Width	L1_Magnet_Post	L2_Bridge_Thickness	L1_Magnet_Bar_Width	i_Tooth_Width_Ratio	L2_Web_Thickness	i_Split_Ratio	i_Slot_Op_Ratio	i_Stator_OD	i_AmpT_rms	L1_Bridge_Thickness	i_Line_Current_RMS	i_Active_Length	o_OP1_max_temp	o_Op1_ShaftToruqe	o_Op1_ipk	o_Torque_Density	o_Turn_Coil	o_Weight_Act	o_Weight_Mag	o_Weight_Rot_Core	o_Weight_Stat_Core	o_Weight_Wdg	o_Wh_Loss	o_Wh_Shaft	o_Wh_input	obj_o_Weight_Act	constr_o_OP1_max_temp	constr_o_Op1_ShaftToruqe	obj_o_Wh_Loss
11	11	6.62875	0.45325	0.6644375	91.75	0.8855	2.585625	0.4091250000000001	5.92375	4.421250000000001	0.4549	1.955625	1.744375	0.8306250000000001	0.6078125	0.57775	0.7090875000000001	0.7943750000000001	429.3	1704.0625	1.911875	636.3961030678927	128.4075	70.1762372800177	1299.99989886	720.532480074	69.94251900602353	10.7107035494729	133.6219331125243	7.317335836831905	46.26101220601003	49.34830555261173	26.350162683893	623.529702467	9751.809767680001	10340.5820304				
