#	i_init_Turns_Coil	L2_Magnet_Thickness	L1_Web_Length	L2_Pole_Arc	L1_Pole_V_angle	L1_Pole_Arc	u_YtoT	L1_Web_Thickness	L1_Magnet_Thickness	L1_Magnet_Separation	L2_Magnet_Bar_Width	L1_Magnet_Post	L2_Bridge_Thickness	L1_Magnet_Bar_Width	i_Tooth_Width_Ratio	L2_Web_Thickness	i_Split_Ratio	i_Slot_Op_Ratio	i_Stator_OD	i_AmpT_rms	L1_Bridge_Thickness	i_Line_Current_RMS	i_Active_Length	o_OP1_max_temp	o_Op1_ShaftToruqe	o_Op1_ipk	o_Torque_Density	o_Turn_Coil	o_Weight_Act	o_Weight_Mag	o_Weight_Rot_Core	o_Weight_Stat_Core	o_Weight_Wdg	o_Wh_Loss	o_Wh_Shaft	o_Wh_input	obj_o_Weight_Act	constr_o_OP1_max_temp	constr_o_Op1_ShaftToruqe	obj_o_Wh_Loss
203	11	4.19875	0.19825	0.4641874999999999	98.55	0.8454999999999999	2.273125	0.440625	6.07375	7.606249999999999	0.2771	1.655625	1.751875	0.8633750000000001	0.5489375	0.37675	0.6909375000000001	0.7981250000000001	382.9	1915.8125	1.653125	636.3961030678927	134.7125	95.597577533574	1299.99986282	870.241229001	83.80593901452744	12.04163564650625	108.2880139842961	5.112304772314353	36.51491442198935	37.91333154026361	24.40159157692094	615.45355511	9751.81046753	10327.0934662				
