#	i_init_Turns_Coil	L2_Magnet_Thickness	L1_Web_Length	L2_Pole_Arc	L1_Pole_V_angle	L1_Pole_Arc	u_YtoT	L1_Web_Thickness	L1_Magnet_Thickness	L1_Magnet_Separation	L2_Magnet_Bar_Width	L1_Magnet_Post	L2_Bridge_Thickness	L1_Magnet_Bar_Width	i_Tooth_Width_Ratio	L2_Web_Thickness	i_Split_Ratio	i_Slot_Op_Ratio	i_Stator_OD	i_AmpT_rms	L1_Bridge_Thickness	i_Line_Current_RMS	i_Active_Length	o_OP1_max_temp	o_Op1_ShaftToruqe	o_Op1_ipk	o_Torque_Density	o_Turn_Coil	o_Weight_Act	o_Weight_Mag	o_Weight_Rot_Core	o_Weight_Stat_Core	o_Weight_Wdg	o_Wh_Loss	o_Wh_Shaft	o_Wh_input	obj_o_Weight_Act	constr_o_OP1_max_temp	constr_o_Op1_ShaftToruqe	obj_o_Wh_Loss
261	11	4.16875	0.41875	0.6003124999999999	105.65	0.5994999999999999	2.329375	0.837875	6.23875	5.99625	0.2939	1.575625	1.988125	0.8443750000000001	0.5114375	0.30475	0.7286125000000001	0.7073750000000001	389.7	1676.0625	1.635625	636.3961030678927	135.8825	83.0687839644781	1262.4718914	900.0000000799999	77.89462591288436	10.53471252837758	114.2465633751792	4.349927152248626	40.11656058761383	38.58562235112965	26.84214295501408	600.221674659	9751.810537990001	10314.1000012				
