#	i_init_Turns_Coil	L2_Magnet_Thickness	L1_Web_Length	L2_Pole_Arc	L1_Pole_V_angle	L1_Pole_Arc	u_YtoT	L1_Web_Thickness	L1_Magnet_Thickness	L1_Magnet_Separation	L2_Magnet_Bar_Width	L1_Magnet_Post	L2_Bridge_Thickness	L1_Magnet_Bar_Width	i_Tooth_Width_Ratio	L2_Web_Thickness	i_Split_Ratio	i_Slot_Op_Ratio	i_Stator_OD	i_AmpT_rms	L1_Bridge_Thickness	i_Line_Current_RMS	i_Active_Length	o_OP1_max_temp	o_Op1_ShaftToruqe	o_Op1_ipk	o_Torque_Density	o_Turn_Coil	o_Weight_Act	o_Weight_Mag	o_Weight_Rot_Core	o_Weight_Stat_Core	o_Weight_Wdg	o_Wh_Loss	o_Wh_Shaft	o_Wh_input	obj_o_Weight_Act	constr_o_OP1_max_temp	constr_o_Op1_ShaftToruqe	obj_o_Wh_Loss
364	11	4.83625	0.45625	0.5181874999999999	95.34999999999999	0.8005	2.345625	0.3338750000000001	6.05875	1.44625	0.6103000000000001	1.669375	1.733125	0.8928750000000001	0.5856874999999999	0.1592499999999999	0.7437375000000001	0.642875	400.3	1855.4375	1.830625	636.3961030678927	134.4525	71.64000445418171	1299.99999232	654.331167292	76.82691711098474	11.66215500726947	120.3931647534819	6.710756237857654	41.15154242482606	43.13124536597604	25.04917393241246	700.587431831	9751.810234140001	10415.7634022				
