#	i_init_Turns_Coil	L2_Magnet_Thickness	L1_Web_Length	L2_Pole_Arc	L1_Pole_V_angle	L1_Pole_Arc	u_YtoT	L1_Web_Thickness	L1_Magnet_Thickness	L1_Magnet_Separation	L2_Magnet_Bar_Width	L1_Magnet_Post	L2_Bridge_Thickness	L1_Magnet_Bar_Width	i_Tooth_Width_Ratio	L2_Web_Thickness	i_Split_Ratio	i_Slot_Op_Ratio	i_Stator_OD	i_AmpT_rms	L1_Bridge_Thickness	i_Line_Current_RMS	i_Active_Length	o_OP1_max_temp	o_Op1_ShaftToruqe	o_Op1_ipk	o_Torque_Density	o_Turn_Coil	o_Weight_Act	o_Weight_Mag	o_Weight_Rot_Core	o_Weight_Stat_Core	o_Weight_Wdg	o_Wh_Loss	o_Wh_Shaft	o_Wh_input	obj_o_Weight_Act	constr_o_OP1_max_temp	constr_o_Op1_ShaftToruqe	obj_o_Wh_Loss
79	11	5.75875	0.44425	0.4360624999999999	94.34999999999999	0.6154999999999999	2.648125	0.2376250000000001	6.37375	2.19875	0.3149	1.728125	1.686875	0.8878750000000001	0.5118125	0.36025	0.6936875000000001	0.522875	438.7	1659.4375	1.895625	636.3961030678927	118.0725	72.3714061863249	1299.99999997	856.419140567	72.83991717243134	10.43021785960224	132.0840308988446	5.319081499143463	47.07180155915029	44.28222451697568	31.04913616374827	655.8441096179999	9751.80973099	10371.3695789				
