#	i_init_Turns_Coil	L2_Magnet_Thickness	L1_Web_Length	L2_Pole_Arc	L1_Pole_V_angle	L1_Pole_Arc	u_YtoT	L1_Web_Thickness	L1_Magnet_Thickness	L1_Magnet_Separation	L2_Magnet_Bar_Width	L1_Magnet_Post	L2_Bridge_Thickness	L1_Magnet_Bar_Width	i_Tooth_Width_Ratio	L2_Web_Thickness	i_Split_Ratio	i_Slot_Op_Ratio	i_Stator_OD	i_AmpT_rms	L1_Bridge_Thickness	i_Line_Current_RMS	i_Active_Length	o_OP1_max_temp	o_Op1_ShaftToruqe	o_Op1_ipk	o_Torque_Density	o_Turn_Coil	o_Weight_Act	o_Weight_Mag	o_Weight_Rot_Core	o_Weight_Stat_Core	o_Weight_Wdg	o_Wh_Loss	o_Wh_Shaft	o_Wh_input	obj_o_Weight_Act	constr_o_OP1_max_temp	constr_o_Op1_ShaftToruqe	obj_o_Wh_Loss
241	11	4.19125	0.35275	0.7713125	92.34999999999999	0.6224999999999999	2.299375	0.4388750000000001	4.59625	5.96125	0.6747000000000001	1.914375	1.888125	0.8703750000000001	0.5669375	0.23875	0.6667375000000001	0.573875	411.3	1707.5625	1.858125	636.3961030678927	121.5175	78.205182238471	1299.99991045	849.085115133	80.51878184023224	10.73270242710982	117.6823341956568	4.165343431283714	42.24855275197631	40.30486034141756	26.61045350962889	627.064730845	9751.809841709999	10341.7952747				
