#	i_init_Turns_Coil	L2_Magnet_Thickness	L1_Web_Length	L2_Pole_Arc	L1_Pole_V_angle	L1_Pole_Arc	u_YtoT	L1_Web_Thickness	L1_Magnet_Thickness	L1_Magnet_Separation	L2_Magnet_Bar_Width	L1_Magnet_Post	L2_Bridge_Thickness	L1_Magnet_Bar_Width	i_Tooth_Width_Ratio	L2_Web_Thickness	i_Split_Ratio	i_Slot_Op_Ratio	i_Stator_OD	i_AmpT_rms	L1_Bridge_Thickness	i_Line_Current_RMS	i_Active_Length	o_OP1_max_temp	o_Op1_ShaftToruqe	o_Op1_ipk	o_Torque_Density	o_Turn_Coil	o_Weight_Act	o_Weight_Mag	o_Weight_Rot_Core	o_Weight_Stat_Core	o_Weight_Wdg	o_Wh_Loss	o_Wh_Shaft	o_Wh_input	obj_o_Weight_Act	constr_o_OP1_max_temp	constr_o_Op1_ShaftToruqe	obj_o_Wh_Loss
365	11	6.26875	0.5732499999999999	0.3584374999999999	112.65	0.7064999999999999	2.290625	0.3846250000000001	6.76375	5.38375	0.6621	1.841875	1.926875	0.8676250000000001	0.5286875	0.39175	0.7247625000000001	0.699875	388.9	1832.6875	1.790625	636.3961030678927	139.5225	76.16022137445989	1299.99999908	739.338358843	78.43923237007363	11.51916230262952	116.2925433853329	6.224956973294169	39.24013544779965	39.89582346139149	26.57976167446954	597.220313315	9751.810348970001	10313.2756138				
