#	i_init_Turns_Coil	L2_Magnet_Thickness	L1_Web_Length	L2_Pole_Arc	L1_Pole_V_angle	L1_Pole_Arc	u_YtoT	L1_Web_Thickness	L1_Magnet_Thickness	L1_Magnet_Separation	L2_Magnet_Bar_Width	L1_Magnet_Post	L2_Bridge_Thickness	L1_Magnet_Bar_Width	i_Tooth_Width_Ratio	L2_Web_Thickness	i_Split_Ratio	i_Slot_Op_Ratio	i_Stator_OD	i_AmpT_rms	L1_Bridge_Thickness	i_Line_Current_RMS	i_Active_Length	o_OP1_max_temp	o_Op1_ShaftToruqe	o_Op1_ipk	o_Torque_Density	o_Turn_Coil	o_Weight_Act	o_Weight_Mag	o_Weight_Rot_Core	o_Weight_Stat_Core	o_Weight_Wdg	o_Wh_Loss	o_Wh_Shaft	o_Wh_input	obj_o_Weight_Act	constr_o_OP1_max_temp	constr_o_Op1_ShaftToruqe	obj_o_Wh_Loss
363	11	5.66875	0.20725	0.4979374999999999	96.34999999999999	0.7404999999999999	2.363125	0.321625	6.57625	4.89375	0.6803	1.826875	1.873125	0.8578750000000001	0.5163125	0.5852499999999999	0.7302625	0.514625	425.1	1665.5625	1.566875	636.3961030678927	141.2125	63.3757494598236	1299.99999994	670.791323585	64.86316245459302	10.46871589546684	143.8956200837187	7.498904514867528	50.4856331856673	48.22418678191211	33.32217853218857	760.446319451	9751.808048950001	10475.4256176				
