#	i_init_Turns_Coil	L2_Magnet_Thickness	L1_Web_Length	L2_Pole_Arc	L1_Pole_V_angle	L1_Pole_Arc	u_YtoT	L1_Web_Thickness	L1_Magnet_Thickness	L1_Magnet_Separation	L2_Magnet_Bar_Width	L1_Magnet_Post	L2_Bridge_Thickness	L1_Magnet_Bar_Width	i_Tooth_Width_Ratio	L2_Web_Thickness	i_Split_Ratio	i_Slot_Op_Ratio	i_Stator_OD	i_AmpT_rms	L1_Bridge_Thickness	i_Line_Current_RMS	i_Active_Length	o_OP1_max_temp	o_Op1_ShaftToruqe	o_Op1_ipk	o_Torque_Density	o_Turn_Coil	o_Weight_Act	o_Weight_Mag	o_Weight_Rot_Core	o_Weight_Stat_Core	o_Weight_Wdg	o_Wh_Loss	o_Wh_Shaft	o_Wh_input	obj_o_Weight_Act	constr_o_OP1_max_temp	constr_o_Op1_ShaftToruqe	obj_o_Wh_Loss
341	11	4.71625	0.42925	0.5496875	101.65	0.8744999999999999	2.676875	0.284875	6.10375	5.856249999999999	0.5487000000000001	1.506875	1.971875	0.8328750000000001	0.5215624999999999	0.33775	0.7605125	0.748625	381.3	1703.1875	1.634375	636.3961030678927	117.5525	88.6002799729314	1195.38712311	900.000000025	89.05395495541346	10.70520383006367	95.55826770822645	4.954129865110823	31.23842868055731	33.63413247634477	21.38402522392142	580.283038109	9751.809611909999	10291.7693868				
