#	i_init_Turns_Coil	L2_Magnet_Thickness	L1_Web_Length	L2_Pole_Arc	L1_Pole_V_angle	L1_Pole_Arc	u_YtoT	L1_Web_Thickness	L1_Magnet_Thickness	L1_Magnet_Separation	L2_Magnet_Bar_Width	L1_Magnet_Post	L2_Bridge_Thickness	L1_Magnet_Bar_Width	i_Tooth_Width_Ratio	L2_Web_Thickness	i_Split_Ratio	i_Slot_Op_Ratio	i_Stator_OD	i_AmpT_rms	L1_Bridge_Thickness	i_Line_Current_RMS	i_Active_Length	o_OP1_max_temp	o_Op1_ShaftToruqe	o_Op1_ipk	o_Torque_Density	o_Turn_Coil	o_Weight_Act	o_Weight_Mag	o_Weight_Rot_Core	o_Weight_Stat_Core	o_Weight_Wdg	o_Wh_Loss	o_Wh_Shaft	o_Wh_input	obj_o_Weight_Act	constr_o_OP1_max_temp	constr_o_Op1_ShaftToruqe	obj_o_Wh_Loss
37	11	5.33125	0.23125	0.5924375	122.85	0.5494999999999999	2.394375	0.3356250000000001	5.18875	6.74875	0.7544999999999999	1.515625	1.981875	0.8876250000000001	0.6243124999999999	0.31075	0.7129375000000001	0.600125	374.3	1592.9375	1.526875	636.3961030678927	122.1675	90.278851163477	1118.31769152	900.000000247	83.1916950236669	10.01223918450085	94.89844881888763	3.536709354360386	32.82191640781273	35.60960179547653	18.5837661664505	564.91432523	9751.809952310001	10274.5303258				
