#	i_init_Turns_Coil	L2_Magnet_Thickness	L1_Web_Length	L2_Pole_Arc	L1_Pole_V_angle	L1_Pole_Arc	u_YtoT	L1_Web_Thickness	L1_Magnet_Thickness	L1_Magnet_Separation	L2_Magnet_Bar_Width	L1_Magnet_Post	L2_Bridge_Thickness	L1_Magnet_Bar_Width	i_Tooth_Width_Ratio	L2_Web_Thickness	i_Split_Ratio	i_Slot_Op_Ratio	i_Stator_OD	i_AmpT_rms	L1_Bridge_Thickness	i_Line_Current_RMS	i_Active_Length	o_OP1_max_temp	o_Op1_ShaftToruqe	o_Op1_ipk	o_Torque_Density	o_Turn_Coil	o_Weight_Act	o_Weight_Mag	o_Weight_Rot_Core	o_Weight_Stat_Core	o_Weight_Wdg	o_Wh_Loss	o_Wh_Shaft	o_Wh_input	obj_o_Weight_Act	constr_o_OP1_max_temp	constr_o_Op1_ShaftToruqe	obj_o_Wh_Loss
111	11	4.49125	0.4592499999999999	0.5688124999999999	95.84999999999999	0.7044999999999999	2.699375	0.8903749999999999	6.17125	2.00625	0.4871	1.885625	1.845625	0.895375	0.6273124999999999	0.5237499999999999	0.6678375000000001	0.523625	360.3	1695.3125	1.706875	636.3961030678927	123.0775	102.816474043138	1299.99998619	866.906971407	103.5967845620496	10.65570635538061	87.40082539382573	4.934351259096346	28.15710964768775	34.34398010617534	15.61849471861633	568.0017819890001	9751.80976668	10279.2722594				
