#	i_init_Turns_Coil	L2_Magnet_Thickness	L1_Web_Length	L2_Pole_Arc	L1_Pole_V_angle	L1_Pole_Arc	u_YtoT	L1_Web_Thickness	L1_Magnet_Thickness	L1_Magnet_Separation	L2_Magnet_Bar_Width	L1_Magnet_Post	L2_Bridge_Thickness	L1_Magnet_Bar_Width	i_Tooth_Width_Ratio	L2_Web_Thickness	i_Split_Ratio	i_Slot_Op_Ratio	i_Stator_OD	i_AmpT_rms	L1_Bridge_Thickness	i_Line_Current_RMS	i_Active_Length	o_OP1_max_temp	o_Op1_ShaftToruqe	o_Op1_ipk	o_Torque_Density	o_Turn_Coil	o_Weight_Act	o_Weight_Mag	o_Weight_Rot_Core	o_Weight_Stat_Core	o_Weight_Wdg	o_Wh_Loss	o_Wh_Shaft	o_Wh_input	obj_o_Weight_Act	constr_o_OP1_max_temp	constr_o_Op1_ShaftToruqe	obj_o_Wh_Loss
83	11	6.17875	0.12475	0.7825625	120.75	0.5904999999999999	2.708125	0.717125	6.84625	4.33375	0.5627000000000001	1.953125	1.803125	0.8663750000000001	0.5211874999999999	0.61525	0.7107375000000001	0.6361250000000001	410.9	1882.5625	1.966875	636.3961030678927	125.8075	78.57917573602469	1299.99999543	777.0158274	77.92461308819287	11.83264630895556	120.1491838065675	5.282510398700964	42.13528474233699	41.97132796262466	26.40493664547052	538.828130304	9751.809165889999	10255.5061004				
