#	i_init_Turns_Coil	L2_Magnet_Thickness	L1_Web_Length	L2_Pole_Arc	L1_Pole_V_angle	L1_Pole_Arc	u_YtoT	L1_Web_Thickness	L1_Magnet_Thickness	L1_Magnet_Separation	L2_Magnet_Bar_Width	L1_Magnet_Post	L2_Bridge_Thickness	L1_Magnet_Bar_Width	i_Tooth_Width_Ratio	L2_Web_Thickness	i_Split_Ratio	i_Slot_Op_Ratio	i_Stator_OD	i_AmpT_rms	L1_Bridge_Thickness	i_Line_Current_RMS	i_Active_Length	o_OP1_max_temp	o_Op1_ShaftToruqe	o_Op1_ipk	o_Torque_Density	o_Turn_Coil	o_Weight_Act	o_Weight_Mag	o_Weight_Rot_Core	o_Weight_Stat_Core	o_Weight_Wdg	o_Wh_Loss	o_Wh_Shaft	o_Wh_input	obj_o_Weight_Act	constr_o_OP1_max_temp	constr_o_Op1_ShaftToruqe	obj_o_Wh_Loss
328	11	4.52875	0.18475	0.5305624999999999	91.15000000000001	0.5185	2.344375	0.844875	5.09125	6.643750000000001	0.5179	1.646875	1.891875	0.8298750000000001	0.5545625	0.23275	0.7352125	0.5213749999999999	432.7	1669.0625	1.689375	636.3961030678927	124.4425	77.5871604932867	1292.05490149	903.9095404449999	70.60713161647705	10.49071477310375	133.9706744226494	3.764676504119799	49.5697350962194	45.42862120313106	30.84950296874354	643.694448541	9751.810461720001	10357.7601635				
