#	i_init_Turns_Coil	L2_Magnet_Thickness	L1_Web_Length	L2_Pole_Arc	L1_Pole_V_angle	L1_Pole_Arc	u_YtoT	L1_Web_Thickness	L1_Magnet_Thickness	L1_Magnet_Separation	L2_Magnet_Bar_Width	L1_Magnet_Post	L2_Bridge_Thickness	L1_Magnet_Bar_Width	i_Tooth_Width_Ratio	L2_Web_Thickness	i_Split_Ratio	i_Slot_Op_Ratio	i_Stator_OD	i_AmpT_rms	L1_Bridge_Thickness	i_Line_Current_RMS	i_Active_Length	o_OP1_max_temp	o_Op1_ShaftToruqe	o_Op1_ipk	o_Torque_Density	o_Turn_Coil	o_Weight_Act	o_Weight_Mag	o_Weight_Rot_Core	o_Weight_Stat_Core	o_Weight_Wdg	o_Wh_Loss	o_Wh_Shaft	o_Wh_input	obj_o_Weight_Act	constr_o_OP1_max_temp	constr_o_Op1_ShaftToruqe	obj_o_Wh_Loss
183	11	5.09875	0.30775	0.6284375	126.75	0.7164999999999999	2.283125	0.605125	6.46375	4.07125	0.7209000000000001	1.508125	1.765625	0.8558750000000001	0.5395624999999999	0.67825	0.7151375000000001	0.6863750000000001	373.1	1591.1875	1.513125	636.3961030678927	127.3675	83.3814672974473	1255.6139474	900.000000002	90.16897385114049	10.0012397456824	98.47150001770986	5.25556508569317	32.4915623968885	33.847558639673	22.52752762966734	578.509828687	9751.80974253	10293.3848831				
