#	i_init_Turns_Coil	L2_Magnet_Thickness	L1_Web_Length	L2_Pole_Arc	L1_Pole_V_angle	L1_Pole_Arc	u_YtoT	L1_Web_Thickness	L1_Magnet_Thickness	L1_Magnet_Separation	L2_Magnet_Bar_Width	L1_Magnet_Post	L2_Bridge_Thickness	L1_Magnet_Bar_Width	i_Tooth_Width_Ratio	L2_Web_Thickness	i_Split_Ratio	i_Slot_Op_Ratio	i_Stator_OD	i_AmpT_rms	L1_Bridge_Thickness	i_Line_Current_RMS	i_Active_Length	o_OP1_max_temp	o_Op1_ShaftToruqe	o_Op1_ipk	o_Torque_Density	o_Turn_Coil	o_Weight_Act	o_Weight_Mag	o_Weight_Rot_Core	o_Weight_Stat_Core	o_Weight_Wdg	o_Wh_Loss	o_Wh_Shaft	o_Wh_input	obj_o_Weight_Act	constr_o_OP1_max_temp	constr_o_Op1_ShaftToruqe	obj_o_Wh_Loss
159	11	4.67125	0.3272499999999999	0.5969374999999999	118.45	0.7875	2.600625	0.645375	5.39875	5.48875	0.5333	1.920625	1.854375	0.8636250000000001	0.6160625	0.47725	0.6645375000000001	0.7478750000000001	374.9	1804.6875	1.899375	636.3961030678927	142.5125	83.00206684565271	1299.9999987	717.065394128	82.63606545694687	11.3431712815342	108.6952054221429	5.060468914873429	37.5841259787824	42.17435463867501	19.53138737258897	533.455813231	9751.809191419999	10248.6662878				
