#	i_init_Turns_Coil	L2_Magnet_Thickness	L1_Web_Length	L2_Pole_Arc	L1_Pole_V_angle	L1_Pole_Arc	u_YtoT	L1_Web_Thickness	L1_Magnet_Thickness	L1_Magnet_Separation	L2_Magnet_Bar_Width	L1_Magnet_Post	L2_Bridge_Thickness	L1_Magnet_Bar_Width	i_Tooth_Width_Ratio	L2_Web_Thickness	i_Split_Ratio	i_Slot_Op_Ratio	i_Stator_OD	i_AmpT_rms	L1_Bridge_Thickness	i_Line_Current_RMS	i_Active_Length	o_OP1_max_temp	o_Op1_ShaftToruqe	o_Op1_ipk	o_Torque_Density	o_Turn_Coil	o_Weight_Act	o_Weight_Mag	o_Weight_Rot_Core	o_Weight_Stat_Core	o_Weight_Wdg	o_Wh_Loss	o_Wh_Shaft	o_Wh_input	obj_o_Weight_Act	constr_o_OP1_max_temp	constr_o_Op1_ShaftToruqe	obj_o_Wh_Loss
96	11	5.39875	0.1622499999999999	0.7848125	125.55	0.5385	2.260625	0.6873750000000001	4.71625	4.10625	0.6495	1.764375	1.749375	0.8011250000000001	0.6464375	0.2597499999999999	0.7308125000000001	0.762875	436.9	1733.8125	1.763125	636.3961030678927	132.8275	76.8019080642658	1299.99999848	813.722286583	65.28319220651009	10.89769400938668	144.0040921216945	3.8086204159138	54.85983528922281	52.8673673975804	28.12326756267871	582.942341508	9751.81080779	10298.0111057				
