#	i_init_Turns_Coil	L2_Magnet_Thickness	L1_Web_Length	L2_Pole_Arc	L1_Pole_V_angle	L1_Pole_Arc	u_YtoT	L1_Web_Thickness	L1_Magnet_Thickness	L1_Magnet_Separation	L2_Magnet_Bar_Width	L1_Magnet_Post	L2_Bridge_Thickness	L1_Magnet_Bar_Width	i_Tooth_Width_Ratio	L2_Web_Thickness	i_Split_Ratio	i_Slot_Op_Ratio	i_Stator_OD	i_AmpT_rms	L1_Bridge_Thickness	i_Line_Current_RMS	i_Active_Length	o_OP1_max_temp	o_Op1_ShaftToruqe	o_Op1_ipk	o_Torque_Density	o_Turn_Coil	o_Weight_Act	o_Weight_Mag	o_Weight_Rot_Core	o_Weight_Stat_Core	o_Weight_Wdg	o_Wh_Loss	o_Wh_Shaft	o_Wh_input	obj_o_Weight_Act	constr_o_OP1_max_temp	constr_o_Op1_ShaftToruqe	obj_o_Wh_Loss
72	11	5.68375	0.2657499999999999	0.4146874999999999	92.84999999999999	0.8185	2.543125	0.627875	4.51375	7.32625	0.6565000000000001	1.979375	1.546875	0.8023750000000001	0.6085625	0.22225	0.7519875	0.763625	395.3	1645.4375	1.976875	636.3961030678927	119.0475	87.72113097495961	1289.14126187	908.012287771	88.23415268475901	10.34222234905458	104.389163793123	4.446483873950337	36.02976867508677	38.69218957697245	20.87658505349359	567.9834888509999	9751.80976041	10280.9777432				
