#	i_init_Turns_Coil	L2_Magnet_Thickness	L1_Web_Length	L2_Pole_Arc	L1_Pole_V_angle	L1_Pole_Arc	u_YtoT	L1_Web_Thickness	L1_Magnet_Thickness	L1_Magnet_Separation	L2_Magnet_Bar_Width	L1_Magnet_Post	L2_Bridge_Thickness	L1_Magnet_Bar_Width	i_Tooth_Width_Ratio	L2_Web_Thickness	i_Split_Ratio	i_Slot_Op_Ratio	i_Stator_OD	i_AmpT_rms	L1_Bridge_Thickness	i_Line_Current_RMS	i_Active_Length	o_OP1_max_temp	o_Op1_ShaftToruqe	o_Op1_ipk	o_Torque_Density	o_Turn_Coil	o_Weight_Act	o_Weight_Mag	o_Weight_Rot_Core	o_Weight_Stat_Core	o_Weight_Wdg	o_Wh_Loss	o_Wh_Shaft	o_Wh_input	obj_o_Weight_Act	constr_o_OP1_max_temp	constr_o_Op1_ShaftToruqe	obj_o_Wh_Loss
176	11	5.33875	0.3467499999999999	0.6104375	90.44999999999999	0.6495	2.399375	0.750375	5.72875	2.25125	0.5935	1.605625	1.825625	0.8958750000000001	0.5995625	0.60025	0.7002875000000001	0.7388750000000001	414.3	1586.8125	1.955625	636.3961030678927	140.3025	66.9572107165656	1300.00000002	703.456583091	68.731875494812	9.973741148636254	134.6563797269849	6.353697057475347	48.13590527807983	48.99053972978842	26.8284815139658	684.600333991	9751.81057756	10400.6161251				
