#	i_init_Turns_Coil	L2_Magnet_Thickness	L1_Web_Length	L2_Pole_Arc	L1_Pole_V_angle	L1_Pole_Arc	u_YtoT	L1_Web_Thickness	L1_Magnet_Thickness	L1_Magnet_Separation	L2_Magnet_Bar_Width	L1_Magnet_Post	L2_Bridge_Thickness	L1_Magnet_Bar_Width	i_Tooth_Width_Ratio	L2_Web_Thickness	i_Split_Ratio	i_Slot_Op_Ratio	i_Stator_OD	i_AmpT_rms	L1_Bridge_Thickness	i_Line_Current_RMS	i_Active_Length	o_OP1_max_temp	o_Op1_ShaftToruqe	o_Op1_ipk	o_Torque_Density	o_Turn_Coil	o_Weight_Act	o_Weight_Mag	o_Weight_Rot_Core	o_Weight_Stat_Core	o_Weight_Wdg	o_Wh_Loss	o_Wh_Shaft	o_Wh_input	obj_o_Weight_Act	constr_o_OP1_max_temp	constr_o_Op1_ShaftToruqe	obj_o_Wh_Loss
265	11	5.98375	0.2447499999999999	0.3618124999999999	106.25	0.5044999999999999	2.433125	0.218375	4.01125	2.96875	0.7559	1.583125	1.658125	0.8803750000000001	0.5275624999999999	0.25225	0.6782875	0.533375	392.7	1699.6875	1.836875	636.3961030678927	139.4575	85.84003173138061	1259.10591677	900.000000196	74.54331552893139	10.68320495242676	119.3537895743753	3.599488064701449	43.63593363481441	41.43440935374174	26.32535565920821	629.860376996	9751.80885766	10340.9062389				
