#	i_init_Turns_Coil	L2_Magnet_Thickness	L1_Web_Length	L2_Pole_Arc	L1_Pole_V_angle	L1_Pole_Arc	u_YtoT	L1_Web_Thickness	L1_Magnet_Thickness	L1_Magnet_Separation	L2_Magnet_Bar_Width	L1_Magnet_Post	L2_Bridge_Thickness	L1_Magnet_Bar_Width	i_Tooth_Width_Ratio	L2_Web_Thickness	i_Split_Ratio	i_Slot_Op_Ratio	i_Stator_OD	i_AmpT_rms	L1_Bridge_Thickness	i_Line_Current_RMS	i_Active_Length	o_OP1_max_temp	o_Op1_ShaftToruqe	o_Op1_ipk	o_Torque_Density	o_Turn_Coil	o_Weight_Act	o_Weight_Mag	o_Weight_Rot_Core	o_Weight_Stat_Core	o_Weight_Wdg	o_Wh_Loss	o_Wh_Shaft	o_Wh_input	obj_o_Weight_Act	constr_o_OP1_max_temp	constr_o_Op1_ShaftToruqe	obj_o_Wh_Loss
324	11	4.35625	0.5357499999999999	0.4720624999999999	120.05	0.5714999999999999	2.719375	0.7941250000000001	6.733750000000001	5.75125	0.2519	1.523125	1.811875	0.8593750000000001	0.5530624999999999	0.18325	0.7041375000000001	0.773375	424.9	1725.0625	1.620625	636.3961030678927	129.3175	75.33019551664781	1299.99986847	799.464056859	70.89615214498673	10.84269681529439	131.9276119304539	4.374550964789417	48.40500013697601	47.28744990333324	27.51208842038537	564.515297453	9751.808761619999	10281.1198534				
