#	i_init_Turns_Coil	L2_Magnet_Thickness	L1_Web_Length	L2_Pole_Arc	L1_Pole_V_angle	L1_Pole_Arc	u_YtoT	L1_Web_Thickness	L1_Magnet_Thickness	L1_Magnet_Separation	L2_Magnet_Bar_Width	L1_Magnet_Post	L2_Bridge_Thickness	L1_Magnet_Bar_Width	i_Tooth_Width_Ratio	L2_Web_Thickness	i_Split_Ratio	i_Slot_Op_Ratio	i_Stator_OD	i_AmpT_rms	L1_Bridge_Thickness	i_Line_Current_RMS	i_Active_Length	o_OP1_max_temp	o_Op1_ShaftToruqe	o_Op1_ipk	o_Torque_Density	o_Turn_Coil	o_Weight_Act	o_Weight_Mag	o_Weight_Rot_Core	o_Weight_Stat_Core	o_Weight_Wdg	o_Wh_Loss	o_Wh_Shaft	o_Wh_input	obj_o_Weight_Act	constr_o_OP1_max_temp	constr_o_Op1_ShaftToruqe	obj_o_Wh_Loss
60	11	4.58125	0.4607499999999999	0.6385624999999999	120.55	0.7484999999999999	2.254375	0.6471250000000001	6.45625	2.77625	0.5347000000000001	1.823125	1.654375	0.8016250000000001	0.6074375	0.27025	0.7346625000000001	0.798875	430.3	1781.0625	1.894375	636.3961030678927	121.9725	71.08131930370941	1299.99999995	732.665480676	73.2906972499662	11.19467885748503	129.8624539756657	5.376960215417502	46.55727153304876	45.51495849840882	28.06868444052668	599.915230544	9751.809611819999	10316.6464946				
