#	i_init_Turns_Coil	L2_Magnet_Thickness	L1_Web_Length	L2_Pole_Arc	L1_Pole_V_angle	L1_Pole_Arc	u_YtoT	L1_Web_Thickness	L1_Magnet_Thickness	L1_Magnet_Separation	L2_Magnet_Bar_Width	L1_Magnet_Post	L2_Bridge_Thickness	L1_Magnet_Bar_Width	i_Tooth_Width_Ratio	L2_Web_Thickness	i_Split_Ratio	i_Slot_Op_Ratio	i_Stator_OD	i_AmpT_rms	L1_Bridge_Thickness	i_Line_Current_RMS	i_Active_Length	o_OP1_max_temp	o_Op1_ShaftToruqe	o_Op1_ipk	o_Torque_Density	o_Turn_Coil	o_Weight_Act	o_Weight_Mag	o_Weight_Rot_Core	o_Weight_Stat_Core	o_Weight_Wdg	o_Wh_Loss	o_Wh_Shaft	o_Wh_input	obj_o_Weight_Act	constr_o_OP1_max_temp	constr_o_Op1_ShaftToruqe	obj_o_Wh_Loss
193	11	5.54875	0.18925	0.3606874999999999	97.55	0.8835	2.723125	0.6138750000000001	4.43125	4.771249999999999	0.4283	1.925625	1.996875	0.821625	0.5766874999999999	0.34075	0.7451125000000001	0.678125	408.5	1916.6875	1.809375	636.3961030678927	141.9925	79.3496668752194	1299.99999999	728.130126699	69.85603691220386	12.04713536591547	130.899161131778	5.251362544332651	47.24279680091251	48.97649002872698	25.07728158794421	589.599337546	9751.81013919	10305.0511704				
