#	i_init_Turns_Coil	L2_Magnet_Thickness	L1_Web_Length	L2_Pole_Arc	L1_Pole_V_angle	L1_Pole_Arc	u_YtoT	L1_Web_Thickness	L1_Magnet_Thickness	L1_Magnet_Separation	L2_Magnet_Bar_Width	L1_Magnet_Post	L2_Bridge_Thickness	L1_Magnet_Bar_Width	i_Tooth_Width_Ratio	L2_Web_Thickness	i_Split_Ratio	i_Slot_Op_Ratio	i_Stator_OD	i_AmpT_rms	L1_Bridge_Thickness	i_Line_Current_RMS	i_Active_Length	o_OP1_max_temp	o_Op1_ShaftToruqe	o_Op1_ipk	o_Torque_Density	o_Turn_Coil	o_Weight_Act	o_Weight_Mag	o_Weight_Rot_Core	o_Weight_Stat_Core	o_Weight_Wdg	o_Wh_Loss	o_Wh_Shaft	o_Wh_input	obj_o_Weight_Act	constr_o_OP1_max_temp	constr_o_Op1_ShaftToruqe	obj_o_Wh_Loss
171	11	6.79375	0.56725	0.6363124999999999	96.05	0.6064999999999999	2.464375	0.5806250000000001	4.96375	1.93625	0.4059	1.635625	1.960625	0.8331250000000001	0.5511874999999999	0.11875	0.7434625000000001	0.720875	404.3	1808.1875	1.933125	636.3961030678927	124.1825	83.0434706501662	1299.99999311	836.3574653859999	81.5427938446778	11.36517015917112	114.7342822766757	4.607694094373843	40.36663877459467	39.94065580860316	25.47018081296645	577.47096956	9751.81028138	10292.3913942				
