#	i_init_Turns_Coil	L2_Magnet_Thickness	L1_Web_Length	L2_Pole_Arc	L1_Pole_V_angle	L1_Pole_Arc	u_YtoT	L1_Web_Thickness	L1_Magnet_Thickness	L1_Magnet_Separation	L2_Magnet_Bar_Width	L1_Magnet_Post	L2_Bridge_Thickness	L1_Magnet_Bar_Width	i_Tooth_Width_Ratio	L2_Web_Thickness	i_Split_Ratio	i_Slot_Op_Ratio	i_Stator_OD	i_AmpT_rms	L1_Bridge_Thickness	i_Line_Current_RMS	i_Active_Length	o_OP1_max_temp	o_Op1_ShaftToruqe	o_Op1_ipk	o_Torque_Density	o_Turn_Coil	o_Weight_Act	o_Weight_Mag	o_Weight_Rot_Core	o_Weight_Stat_Core	o_Weight_Wdg	o_Wh_Loss	o_Wh_Shaft	o_Wh_input	obj_o_Weight_Act	constr_o_OP1_max_temp	constr_o_Op1_ShaftToruqe	obj_o_Wh_Loss
337	11	4.27375	0.17575	0.7623124999999999	119.55	0.7995	2.440625	0.6068750000000001	6.98875	6.67875	0.6999000000000001	1.611875	1.511875	0.8981250000000001	0.5103124999999999	0.42025	0.7616125	0.591125	413.5	1874.6875	1.698125	636.3961030678927	128.0175	69.8511447672511	1299.99975815	686.1667007360001	75.61936403326965	11.7831488342725	124.714402091178	6.69502554769223	42.76833262080882	41.51190089578719	29.38070022915827	676.709215418	9751.80915166	10393.4533475				
