#	i_init_Turns_Coil	L2_Magnet_Thickness	L1_Web_Length	L2_Pole_Arc	L1_Pole_V_angle	L1_Pole_Arc	u_YtoT	L1_Web_Thickness	L1_Magnet_Thickness	L1_Magnet_Separation	L2_Magnet_Bar_Width	L1_Magnet_Post	L2_Bridge_Thickness	L1_Magnet_Bar_Width	i_Tooth_Width_Ratio	L2_Web_Thickness	i_Split_Ratio	i_Slot_Op_Ratio	i_Stator_OD	i_AmpT_rms	L1_Bridge_Thickness	i_Line_Current_RMS	i_Active_Length	o_OP1_max_temp	o_Op1_ShaftToruqe	o_Op1_ipk	o_Torque_Density	o_Turn_Coil	o_Weight_Act	o_Weight_Mag	o_Weight_Rot_Core	o_Weight_Stat_Core	o_Weight_Wdg	o_Wh_Loss	o_Wh_Shaft	o_Wh_input	obj_o_Weight_Act	constr_o_OP1_max_temp	constr_o_Op1_ShaftToruqe	obj_o_Wh_Loss
372	11	6.24625	0.39475	0.6824375	124.25	0.8754999999999999	2.558125	0.5018750000000001	5.49625	4.78875	0.7629	1.835625	1.763125	0.8258750000000001	0.5744374999999999	0.12925	0.6763625000000001	0.7298750000000001	427.9	1846.6875	1.720625	636.3961030678927	131.8525	65.6992030665443	1299.99999744	620.984378517	68.56153439134739	11.60715781317718	137.2949052056632	7.136119040651224	48.56274676617529	48.90546378616718	28.34096730468551	659.131024933	9751.81127208	10377.4781155				
