#	i_init_Turns_Coil	L2_Magnet_Thickness	L1_Web_Length	L2_Pole_Arc	L1_Pole_V_angle	L1_Pole_Arc	u_YtoT	L1_Web_Thickness	L1_Magnet_Thickness	L1_Magnet_Separation	L2_Magnet_Bar_Width	L1_Magnet_Post	L2_Bridge_Thickness	L1_Magnet_Bar_Width	i_Tooth_Width_Ratio	L2_Web_Thickness	i_Split_Ratio	i_Slot_Op_Ratio	i_Stator_OD	i_AmpT_rms	L1_Bridge_Thickness	i_Line_Current_RMS	i_Active_Length	o_OP1_max_temp	o_Op1_ShaftToruqe	o_Op1_ipk	o_Torque_Density	o_Turn_Coil	o_Weight_Act	o_Weight_Mag	o_Weight_Rot_Core	o_Weight_Stat_Core	o_Weight_Wdg	o_Wh_Loss	o_Wh_Shaft	o_Wh_input	obj_o_Weight_Act	constr_o_OP1_max_temp	constr_o_Op1_ShaftToruqe	obj_o_Wh_Loss
134	11	6.53125	0.11275	0.7139375	104.75	0.7474999999999999	2.599375	0.2638750000000001	4.65625	4.578749999999999	0.7517	1.675625	1.999375	0.8178750000000001	0.6036874999999999	0.18175	0.6601375	0.764375	370.7	1886.9375	1.786875	636.3961030678927	120.2825	95.1489175987882	1299.99984645	789.543565421	100.1395882866642	11.8601449060017	91.60795127637451	4.814635008744353	30.18203023958417	34.46142074026158	17.80642089179081	518.723133494	9751.80867357	10232.431977				
