#	i_init_Turns_Coil	L2_Magnet_Thickness	L1_Web_Length	L2_Pole_Arc	L1_Pole_V_angle	L1_Pole_Arc	u_YtoT	L1_Web_Thickness	L1_Magnet_Thickness	L1_Magnet_Separation	L2_Magnet_Bar_Width	L1_Magnet_Post	L2_Bridge_Thickness	L1_Magnet_Bar_Width	i_Tooth_Width_Ratio	L2_Web_Thickness	i_Split_Ratio	i_Slot_Op_Ratio	i_Stator_OD	i_AmpT_rms	L1_Bridge_Thickness	i_Line_Current_RMS	i_Active_Length	o_OP1_max_temp	o_Op1_ShaftToruqe	o_Op1_ipk	o_Torque_Density	o_Turn_Coil	o_Weight_Act	o_Weight_Mag	o_Weight_Rot_Core	o_Weight_Stat_Core	o_Weight_Wdg	o_Wh_Loss	o_Wh_Shaft	o_Wh_input	obj_o_Weight_Act	constr_o_OP1_max_temp	constr_o_Op1_ShaftToruqe	obj_o_Wh_Loss
212	11	6.37375	0.40525	0.7881875	97.15000000000001	0.8235	2.640625	0.6943750000000001	4.13125	1.60375	0.2645	1.861875	1.505625	0.8683750000000001	0.6134375	0.5327499999999999	0.6637125	0.6953750000000001	383.1	1802.9375	1.576875	636.3961030678927	129.5775	89.989957317601	1299.9998381	803.1915667440001	87.03611878929711	11.33217184271574	104.8271213175793	4.777646327651952	36.09801345603944	40.12712877780148	19.47839332019672	532.394059483	9751.80994703	10246.5093735				
