#	i_init_Turns_Coil	L2_Magnet_Thickness	L1_Web_Length	L2_Pole_Arc	L1_Pole_V_angle	L1_Pole_Arc	u_YtoT	L1_Web_Thickness	L1_Magnet_Thickness	L1_Magnet_Separation	L2_Magnet_Bar_Width	L1_Magnet_Post	L2_Bridge_Thickness	L1_Magnet_Bar_Width	i_Tooth_Width_Ratio	L2_Web_Thickness	i_Split_Ratio	i_Slot_Op_Ratio	i_Stator_OD	i_AmpT_rms	L1_Bridge_Thickness	i_Line_Current_RMS	i_Active_Length	o_OP1_max_temp	o_Op1_ShaftToruqe	o_Op1_ipk	o_Torque_Density	o_Turn_Coil	o_Weight_Act	o_Weight_Mag	o_Weight_Rot_Core	o_Weight_Stat_Core	o_Weight_Wdg	o_Wh_Loss	o_Wh_Shaft	o_Wh_input	obj_o_Weight_Act	constr_o_OP1_max_temp	constr_o_Op1_ShaftToruqe	obj_o_Wh_Loss
194	11	5.96875	0.52375	0.5260625	94.45	0.6094999999999999	2.720625	0.6768750000000001	4.29625	3.75625	0.6243000000000001	1.668125	1.691875	0.8673750000000001	0.5335624999999999	0.32575	0.7222875000000001	0.790625	403.9	1687.4375	1.946875	636.3961030678927	126.7175	81.2957003649158	1299.99999651	863.319556486	80.0698780887415	10.60620888069755	116.4714436508753	4.253958373559799	41.80379179509332	41.24102496236877	24.82534532230047	584.482511928	9751.809609489999	10299.1416767				
