#	i_init_Turns_Coil	L2_Magnet_Thickness	L1_Web_Length	L2_Pole_Arc	L1_Pole_V_angle	L1_Pole_Arc	u_YtoT	L1_Web_Thickness	L1_Magnet_Thickness	L1_Magnet_Separation	L2_Magnet_Bar_Width	L1_Magnet_Post	L2_Bridge_Thickness	L1_Magnet_Bar_Width	i_Tooth_Width_Ratio	L2_Web_Thickness	i_Split_Ratio	i_Slot_Op_Ratio	i_Stator_OD	i_AmpT_rms	L1_Bridge_Thickness	i_Line_Current_RMS	i_Active_Length	o_OP1_max_temp	o_Op1_ShaftToruqe	o_Op1_ipk	o_Torque_Density	o_Turn_Coil	o_Weight_Act	o_Weight_Mag	o_Weight_Rot_Core	o_Weight_Stat_Core	o_Weight_Wdg	o_Wh_Loss	o_Wh_Shaft	o_Wh_input	obj_o_Weight_Act	constr_o_OP1_max_temp	constr_o_Op1_ShaftToruqe	obj_o_Wh_Loss
397	11	5.83375	0.4667499999999999	0.5148125	103.65	0.7524999999999999	2.713125	0.307625	5.33875	2.84625	0.3303	1.530625	1.575625	0.8576250000000001	0.5253125	0.6437499999999999	0.7467625000000001	0.669125	376.1	1895.6875	1.865625	636.3961030678927	129.5125	90.69418464895141	1299.99967058	806.925933295	90.35142516645095	11.91514210009399	100.8832680515495	4.811263460213433	33.9874690902647	36.36169635252591	21.37167781477518	545.55892443	9751.81004398	10259.3598979				
