#	i_lineCurrentLabpk	i_YtoT	i_BuildLineCurrentRMS	L1_Bridge_Thickness	L1_Magnet_Bar_Width	L1_Magnet_Segments	L1_Magnet_Thickness	L1_Pole_Arc	L1_Web_Length	L1_Web_Thickness	i_TurnLab	L2_Bridge_Thickness	L1_Magnet_Post	L2_Magnet_Bar_Width	L2_Magnet_Post	L1_Magnet_Separation	L2_Magnet_Segments	L2_Magnet_Thickness	L1_Pole_V_angle	L2_Pole_Arc	L2_Magnet_Separation	i_Active_Length	i_Split_Ratio	L2_Web_Thickness	i_Tooth_Width_Ratio	L2_Web_Length	i_Stator_OD	i_Slot_Op_Ratio	o_LabCurrentJ	o_Maxtorque	o_Op1_Jrms	o_Op1_copper_area	o_Op1_ipk	o_Op2_Jrms	o_Op2_copper_area	o_Op2_ipk	o_Op2_max_temp	o_Op3_Jrms	o_Op3_copper_area	o_Op3_ipk	o_TorqueVolumeDensity	o_TorqueWeightDensity	o_Weight_Act	o_Weight_Mag	o_Weight_Rot_Core	o_Wh_Loss	o_Wh_Shaft	o_Wh_input	constr_o_Op2_max_temp	obj_o_Wh_Loss	obj_o_Weight_Act
10	828.0565522645642	2.497083333333333	742.4621	1.8417	0.8468600000000001	1.047166666666667	5.469533333333334	0.92655	0.1022493333333333	0.149375	11.2915	1.49875	1.54875	0.7382666666666666	-0.3183333333333334	6.362233333333333	0.9941666666666666	5.2605	111.272	0.2410416666666667	-0.8216666666666668	121.1383333333333	0.66535	0.7052949999999999	0.6450999999999999	0.07019733333333333	430.7333333333333	0.8286666666666668	11.10082916107662	1156.34101514454	11.51201406505963	148.895382139157	858.728527213	6.898478822457296	148.895382139157	514.585938285	124.330000521405	5.057068401217078	148.895382139157	377.227553376	65.50847519627008	0.00906096936793808	127.6178042535064	5.111617982104781	45.76130079895208	616.023937658	9751.811603919999	10329.8125646	55.669999478595	616.023937658	127.6178042535064
