#	i_init_Turns_Coil	L2_Magnet_Thickness	L1_Web_Length	L2_Pole_Arc	L1_Pole_V_angle	L1_Pole_Arc	u_YtoT	L1_Web_Thickness	L1_Magnet_Thickness	L1_Magnet_Separation	L2_Magnet_Bar_Width	L1_Magnet_Post	L2_Bridge_Thickness	L1_Magnet_Bar_Width	i_Tooth_Width_Ratio	L2_Web_Thickness	i_Split_Ratio	i_Slot_Op_Ratio	i_Stator_OD	i_AmpT_rms	L1_Bridge_Thickness	i_Line_Current_RMS	i_Active_Length	o_OP1_max_temp	o_Op1_ShaftToruqe	o_Op1_ipk	o_Torque_Density	o_Turn_Coil	o_Weight_Act	o_Weight_Mag	o_Weight_Rot_Core	o_Weight_Stat_Core	o_Weight_Wdg	o_Wh_Loss	o_Wh_Shaft	o_Wh_input	obj_o_Weight_Act	constr_o_OP1_max_temp	constr_o_Op1_ShaftToruqe	obj_o_Wh_Loss
231	11	5.93125	0.24625	0.7375624999999999	112.15	0.8404999999999999	2.405625	0.669875	6.59125	1.51625	0.7601	1.970625	1.974375	0.8941250000000001	0.5309375	0.21025	0.7082625000000001	0.769625	361.5	1641.9375	1.673125	636.3961030678927	127.8225	91.20943343162379	1291.29830491	907.0886795070001	98.42666926015946	10.32022347141766	91.88424373825595	6.720193329463793	28.13777240783158	32.0924661352717	20.58767482072432	591.780132311	9751.808927599999	10306.0454665				
