#	i_init_Turns_Coil	L2_Magnet_Thickness	L1_Web_Length	L2_Pole_Arc	L1_Pole_V_angle	L1_Pole_Arc	u_YtoT	L1_Web_Thickness	L1_Magnet_Thickness	L1_Magnet_Separation	L2_Magnet_Bar_Width	L1_Magnet_Post	L2_Bridge_Thickness	L1_Magnet_Bar_Width	i_Tooth_Width_Ratio	L2_Web_Thickness	i_Split_Ratio	i_Slot_Op_Ratio	i_Stator_OD	i_AmpT_rms	L1_Bridge_Thickness	i_Line_Current_RMS	i_Active_Length	o_OP1_max_temp	o_Op1_ShaftToruqe	o_Op1_ipk	o_Torque_Density	o_Turn_Coil	o_Weight_Act	o_Weight_Mag	o_Weight_Rot_Core	o_Weight_Stat_Core	o_Weight_Wdg	o_Wh_Loss	o_Wh_Shaft	o_Wh_input	obj_o_Weight_Act	constr_o_OP1_max_temp	constr_o_Op1_ShaftToruqe	obj_o_Wh_Loss
340	11	6.43375	0.30925	0.3573124999999999	97.65000000000001	0.8314999999999999	2.698125	0.531625	6.27625	3.05625	0.3793	1.658125	1.918125	0.8063750000000001	0.5260624999999999	0.15475	0.7495125	0.537875	422.3	1670.8125	1.540625	636.3961030678927	136.3375	70.0356015504817	1299.99999995	770.953511062	68.07630602809802	10.50171421192221	136.2814999051103	6.881678807103763	47.58263393290707	48.22849804438987	29.22723983839442	626.489386836	9751.809735209999	10343.4760739				
