#	i_init_Turns_Coil	L2_Magnet_Thickness	L1_Web_Length	L2_Pole_Arc	L1_Pole_V_angle	L1_Pole_Arc	u_YtoT	L1_Web_Thickness	L1_Magnet_Thickness	L1_Magnet_Separation	L2_Magnet_Bar_Width	L1_Magnet_Post	L2_Bridge_Thickness	L1_Magnet_Bar_Width	i_Tooth_Width_Ratio	L2_Web_Thickness	i_Split_Ratio	i_Slot_Op_Ratio	i_Stator_OD	i_AmpT_rms	L1_Bridge_Thickness	i_Line_Current_RMS	i_Active_Length	o_OP1_max_temp	o_Op1_ShaftToruqe	o_Op1_ipk	o_Torque_Density	o_Turn_Coil	o_Weight_Act	o_Weight_Mag	o_Weight_Rot_Core	o_Weight_Stat_Core	o_Weight_Wdg	o_Wh_Loss	o_Wh_Shaft	o_Wh_input	obj_o_Weight_Act	constr_o_OP1_max_temp	constr_o_Op1_ShaftToruqe	obj_o_Wh_Loss
387	11	4.43875	0.35125	0.7060625	101.25	0.6214999999999999	2.421875	0.332125	4.35625	2.46125	0.4143	1.766875	1.709375	0.8071250000000001	0.5886874999999999	0.14725	0.7063375000000001	0.5041249999999999	417.1	1588.5625	1.561875	636.3961030678927	121.3875	78.14832471956259	1216.89611024	899.999999986	73.36843826795501	9.984740587454711	120.6957373785803	3.460669075427897	44.38568452031504	42.781887268161	25.71385127890171	597.243565314	9751.80995382	10311.3269824				
