#	i_init_Turns_Coil	L2_Magnet_Thickness	L1_Web_Length	L2_Pole_Arc	L1_Pole_V_angle	L1_Pole_Arc	u_YtoT	L1_Web_Thickness	L1_Magnet_Thickness	L1_Magnet_Separation	L2_Magnet_Bar_Width	L1_Magnet_Post	L2_Bridge_Thickness	L1_Magnet_Bar_Width	i_Tooth_Width_Ratio	L2_Web_Thickness	i_Split_Ratio	i_Slot_Op_Ratio	i_Stator_OD	i_AmpT_rms	L1_Bridge_Thickness	i_Line_Current_RMS	i_Active_Length	o_OP1_max_temp	o_Op1_ShaftToruqe	o_Op1_ipk	o_Torque_Density	o_Turn_Coil	o_Weight_Act	o_Weight_Mag	o_Weight_Rot_Core	o_Weight_Stat_Core	o_Weight_Wdg	o_Wh_Loss	o_Wh_Shaft	o_Wh_input	obj_o_Weight_Act	constr_o_OP1_max_temp	constr_o_Op1_ShaftToruqe	obj_o_Wh_Loss
104	11	5.39125	0.5297499999999999	0.6576875	106.85	0.8524999999999999	2.349375	0.5211250000000001	6.74875	4.36875	0.7447	1.719375	1.556875	0.8353750000000001	0.6145625	0.2537499999999999	0.7470375	0.705125	379.3	1824.8125	1.659375	636.3961030678927	118.4625	88.21493184396429	1299.99936998	790.593038837	97.11955446848957	11.46966482794646	95.14133287289481	6.08371731664094	30.24756270252491	34.97292613718972	19.49243627375653	570.0907410680001	9751.80968694	10284.9874547				
