#	i_init_Turns_Coil	L2_Magnet_Thickness	L1_Web_Length	L2_Pole_Arc	L1_Pole_V_angle	L1_Pole_Arc	u_YtoT	L1_Web_Thickness	L1_Magnet_Thickness	L1_Magnet_Separation	L2_Magnet_Bar_Width	L1_Magnet_Post	L2_Bridge_Thickness	L1_Magnet_Bar_Width	i_Tooth_Width_Ratio	L2_Web_Thickness	i_Split_Ratio	i_Slot_Op_Ratio	i_Stator_OD	i_AmpT_rms	L1_Bridge_Thickness	i_Line_Current_RMS	i_Active_Length	o_OP1_max_temp	o_Op1_ShaftToruqe	o_Op1_ipk	o_Torque_Density	o_Turn_Coil	o_Weight_Act	o_Weight_Mag	o_Weight_Rot_Core	o_Weight_Stat_Core	o_Weight_Wdg	o_Wh_Loss	o_Wh_Shaft	o_Wh_input	obj_o_Weight_Act	constr_o_OP1_max_temp	constr_o_Op1_ShaftToruqe	obj_o_Wh_Loss
86	11	4.54375	0.3302499999999999	0.6430625	101.45	0.7084999999999999	2.726875	0.816875	4.64125	6.328749999999999	0.4941	1.654375	1.611875	0.8746250000000001	0.5845625	0.56575	0.7624375000000001	0.602375	432.5	1807.3125	1.730625	636.3961030678927	128.8625	68.4717684227633	1299.99999971	675.193975703	68.66804682378178	11.35967043976189	137.2148161383804	4.585231528833721	51.05592775517233	50.15784735033768	27.06228542233057	593.221345764	9751.809718259999	10310.7690026				
