#	i_init_Turns_Coil	L2_Magnet_Thickness	L1_Web_Length	L2_Pole_Arc	L1_Pole_V_angle	L1_Pole_Arc	u_YtoT	L1_Web_Thickness	L1_Magnet_Thickness	L1_Magnet_Separation	L2_Magnet_Bar_Width	L1_Magnet_Post	L2_Bridge_Thickness	L1_Magnet_Bar_Width	i_Tooth_Width_Ratio	L2_Web_Thickness	i_Split_Ratio	i_Slot_Op_Ratio	i_Stator_OD	i_AmpT_rms	L1_Bridge_Thickness	i_Line_Current_RMS	i_Active_Length	o_OP1_max_temp	o_Op1_ShaftToruqe	o_Op1_ipk	o_Torque_Density	o_Turn_Coil	o_Weight_Act	o_Weight_Mag	o_Weight_Rot_Core	o_Weight_Stat_Core	o_Weight_Wdg	o_Wh_Loss	o_Wh_Shaft	o_Wh_input	obj_o_Weight_Act	constr_o_OP1_max_temp	constr_o_Op1_ShaftToruqe	obj_o_Wh_Loss
7	11	5.27875	0.61825	0.4079375	110.45	0.5894999999999999	2.623125	0.827375	5.12125	1.20125	0.7755000000000001	1.864375	1.608125	0.8748750000000001	0.6329374999999999	0.4652499999999999	0.7481375000000001	0.588125	371.9	1924.5625	1.500625	636.3961030678927	131.7875	96.0841369871623	1299.99998467	750.1700170620001	90.80858105264122	12.09663284059853	99.71969414384819	4.088876754846464	34.60315924029248	39.02816687355408	17.65264331259711	578.015358342	9751.810268339999	10289.6620771				
