#	i_init_Turns_Coil	L2_Magnet_Thickness	L1_Web_Length	L2_Pole_Arc	L1_Pole_V_angle	L1_Pole_Arc	u_YtoT	L1_Web_Thickness	L1_Magnet_Thickness	L1_Magnet_Separation	L2_Magnet_Bar_Width	L1_Magnet_Post	L2_Bridge_Thickness	L1_Magnet_Bar_Width	i_Tooth_Width_Ratio	L2_Web_Thickness	i_Split_Ratio	i_Slot_Op_Ratio	i_Stator_OD	i_AmpT_rms	L1_Bridge_Thickness	i_Line_Current_RMS	i_Active_Length	o_OP1_max_temp	o_Op1_ShaftToruqe	o_Op1_ipk	o_Torque_Density	o_Turn_Coil	o_Weight_Act	o_Weight_Mag	o_Weight_Rot_Core	o_Weight_Stat_Core	o_Weight_Wdg	o_Wh_Loss	o_Wh_Shaft	o_Wh_input	obj_o_Weight_Act	constr_o_OP1_max_temp	constr_o_Op1_ShaftToruqe	obj_o_Wh_Loss
48	11	4.46875	0.43225	0.3910624999999999	107.75	0.8764999999999999	2.578125	0.3898750000000001	5.47375	5.17375	0.6607000000000001	1.933125	1.715625	0.8946250000000001	0.5811875	0.13375	0.6747125	0.6481250000000001	391.1	1664.6875	1.564375	636.3961030678927	141.7325	77.1556265709381	1299.99999914	768.515445744	76.34988567656976	10.46321617605761	119.0563900857748	5.718420357709775	41.49090165571454	44.33271125435804	23.16367850637997	624.4337922989999	9751.80975735	10339.2245261				
