#	i_init_Turns_Coil	L2_Magnet_Thickness	L1_Web_Length	L2_Pole_Arc	L1_Pole_V_angle	L1_Pole_Arc	u_YtoT	L1_Web_Thickness	L1_Magnet_Thickness	L1_Magnet_Separation	L2_Magnet_Bar_Width	L1_Magnet_Post	L2_Bridge_Thickness	L1_Magnet_Bar_Width	i_Tooth_Width_Ratio	L2_Web_Thickness	i_Split_Ratio	i_Slot_Op_Ratio	i_Stator_OD	i_AmpT_rms	L1_Bridge_Thickness	i_Line_Current_RMS	i_Active_Length	o_OP1_max_temp	o_Op1_ShaftToruqe	o_Op1_ipk	o_Torque_Density	o_Turn_Coil	o_Weight_Act	o_Weight_Mag	o_Weight_Rot_Core	o_Weight_Stat_Core	o_Weight_Wdg	o_Wh_Loss	o_Wh_Shaft	o_Wh_input	obj_o_Weight_Act	constr_o_OP1_max_temp	constr_o_Op1_ShaftToruqe	obj_o_Wh_Loss
116	11	4.42375	0.27925	0.7296875	126.05	0.6455	2.625625	0.2953750000000001	4.20625	6.731249999999999	0.5977	1.790625	1.620625	0.8361250000000001	0.6434375	0.65425	0.6692125000000001	0.7358750000000001	431.3	1872.9375	1.616875	636.3961030678927	124.0525	77.0170293665401	1300.00000001	727.95702425	71.72805156331394	11.77214939545404	131.604450317097	3.598069331775885	49.79500294630645	49.67424843762763	24.19199475882925	548.782563168	9751.81057505	10265.3156425				
