#	i_init_Turns_Coil	L2_Magnet_Thickness	L1_Web_Length	L2_Pole_Arc	L1_Pole_V_angle	L1_Pole_Arc	u_YtoT	L1_Web_Thickness	L1_Magnet_Thickness	L1_Magnet_Separation	L2_Magnet_Bar_Width	L1_Magnet_Post	L2_Bridge_Thickness	L1_Magnet_Bar_Width	i_Tooth_Width_Ratio	L2_Web_Thickness	i_Split_Ratio	i_Slot_Op_Ratio	i_Stator_OD	i_AmpT_rms	L1_Bridge_Thickness	i_Line_Current_RMS	i_Active_Length	o_OP1_max_temp	o_Op1_ShaftToruqe	o_Op1_ipk	o_Torque_Density	o_Turn_Coil	o_Weight_Act	o_Weight_Mag	o_Weight_Rot_Core	o_Weight_Stat_Core	o_Weight_Wdg	o_Wh_Loss	o_Wh_Shaft	o_Wh_input	obj_o_Weight_Act	constr_o_OP1_max_temp	constr_o_Op1_ShaftToruqe	obj_o_Wh_Loss
179	11	6.03625	0.10975	0.5935625	121.45	0.5734999999999999	2.436875	0.7206250000000001	5.93125	1.48125	0.7713000000000001	1.594375	1.776875	0.891375	0.5463125	0.19525	0.7610625000000001	0.547625	378.3	1911.4375	1.921875	636.3961030678927	133.4125	87.0857446104626	1299.99929697	773.788036969	86.69299982873954	12.0141370494601	105.5594506522839	4.825827045111057	36.23396932689941	37.41109765188909	22.73434070801204	575.089982295	9751.809874840001	10289.3925416				
