#	i_init_Turns_Coil	L2_Magnet_Thickness	L1_Web_Length	L2_Pole_Arc	L1_Pole_V_angle	L1_Pole_Arc	u_YtoT	L1_Web_Thickness	L1_Magnet_Thickness	L1_Magnet_Separation	L2_Magnet_Bar_Width	L1_Magnet_Post	L2_Bridge_Thickness	L1_Magnet_Bar_Width	i_Tooth_Width_Ratio	L2_Web_Thickness	i_Split_Ratio	i_Slot_Op_Ratio	i_Stator_OD	i_AmpT_rms	L1_Bridge_Thickness	i_Line_Current_RMS	i_Active_Length	o_OP1_max_temp	o_Op1_ShaftToruqe	o_Op1_ipk	o_Torque_Density	o_Turn_Coil	o_Weight_Act	o_Weight_Mag	o_Weight_Rot_Core	o_Weight_Stat_Core	o_Weight_Wdg	o_Wh_Loss	o_Wh_Shaft	o_Wh_input	obj_o_Weight_Act	constr_o_OP1_max_temp	constr_o_Op1_ShaftToruqe	obj_o_Wh_Loss
177	11	6.04375	0.51475	0.7341875	112.95	0.6695	2.628125	0.2288750000000001	4.14625	6.556249999999999	0.7251000000000001	1.633125	1.924375	0.8208750000000001	0.5575625	0.4727499999999999	0.7398875	0.662375	408.7	1587.6875	1.864375	636.3961030678927	126.2625	77.2598603519447	1299.99962044	879.742314115	78.48193182170901	9.979240868045483	119.2200274298278	4.356045651495017	42.94417528514185	42.5163766553784	25.05204495474553	538.321247181	9751.809955180001	10255.153782				
