#	i_init_Turns_Coil	L2_Magnet_Thickness	L1_Web_Length	L2_Pole_Arc	L1_Pole_V_angle	L1_Pole_Arc	u_YtoT	L1_Web_Thickness	L1_Magnet_Thickness	L1_Magnet_Separation	L2_Magnet_Bar_Width	L1_Magnet_Post	L2_Bridge_Thickness	L1_Magnet_Bar_Width	i_Tooth_Width_Ratio	L2_Web_Thickness	i_Split_Ratio	i_Slot_Op_Ratio	i_Stator_OD	i_AmpT_rms	L1_Bridge_Thickness	i_Line_Current_RMS	i_Active_Length	o_OP1_max_temp	o_Op1_ShaftToruqe	o_Op1_ipk	o_Torque_Density	o_Turn_Coil	o_Weight_Act	o_Weight_Mag	o_Weight_Rot_Core	o_Weight_Stat_Core	o_Weight_Wdg	o_Wh_Loss	o_Wh_Shaft	o_Wh_input	obj_o_Weight_Act	constr_o_OP1_max_temp	constr_o_Op1_ShaftToruqe	obj_o_Wh_Loss
155	11	5.55625	0.31225	0.6273124999999999	105.55	0.6715	2.261875	0.8658750000000001	6.58375	3.87875	0.4409	1.873125	1.893125	0.8901250000000001	0.6179374999999999	0.45475	0.6917625000000001	0.513875	362.7	1595.5625	1.890625	636.3961030678927	141.0175	89.6218749985902	1299.99995282	866.949694382	89.22474858984411	10.02873834272854	100.0023346965088	5.774602314549004	32.55215075546505	37.93992582880612	19.3863050188593	574.580217513	9751.808957220001	10288.4366898				
