#	i_init_Turns_Coil	L2_Magnet_Thickness	L1_Web_Length	L2_Pole_Arc	L1_Pole_V_angle	L1_Pole_Arc	u_YtoT	L1_Web_Thickness	L1_Magnet_Thickness	L1_Magnet_Separation	L2_Magnet_Bar_Width	L1_Magnet_Post	L2_Bridge_Thickness	L1_Magnet_Bar_Width	i_Tooth_Width_Ratio	L2_Web_Thickness	i_Split_Ratio	i_Slot_Op_Ratio	i_Stator_OD	i_AmpT_rms	L1_Bridge_Thickness	i_Line_Current_RMS	i_Active_Length	o_OP1_max_temp	o_Op1_ShaftToruqe	o_Op1_ipk	o_Torque_Density	o_Turn_Coil	o_Weight_Act	o_Weight_Mag	o_Weight_Rot_Core	o_Weight_Stat_Core	o_Weight_Wdg	o_Wh_Loss	o_Wh_Shaft	o_Wh_input	obj_o_Weight_Act	constr_o_OP1_max_temp	constr_o_Op1_ShaftToruqe	obj_o_Wh_Loss
253	11	4.70125	0.6737500000000001	0.7105625	129.75	0.7915	2.353125	0.5946250000000001	5.11375	2.37375	0.7811000000000001	1.570625	1.506875	0.8493750000000001	0.6340625	0.35875	0.6650875000000001	0.522125	421.1	1774.9375	1.796875	636.3961030678927	133.9325	66.70070225233199	1299.99999993	627.798682436	69.69426022081218	11.15618082162043	134.4517464185702	5.773146132005613	48.94917650380811	49.57885213990266	25.79919087939567	646.645089008	9751.80957033	10364.3403021				
