#	i_init_Turns_Coil	L2_Magnet_Thickness	L1_Web_Length	L2_Pole_Arc	L1_Pole_V_angle	L1_Pole_Arc	u_YtoT	L1_Web_Thickness	L1_Magnet_Thickness	L1_Magnet_Separation	L2_Magnet_Bar_Width	L1_Magnet_Post	L2_Bridge_Thickness	L1_Magnet_Bar_Width	i_Tooth_Width_Ratio	L2_Web_Thickness	i_Split_Ratio	i_Slot_Op_Ratio	i_Stator_OD	i_AmpT_rms	L1_Bridge_Thickness	i_Line_Current_RMS	i_Active_Length	o_OP1_max_temp	o_Op1_ShaftToruqe	o_Op1_ipk	o_Torque_Density	o_Turn_Coil	o_Weight_Act	o_Weight_Mag	o_Weight_Rot_Core	o_Weight_Stat_Core	o_Weight_Wdg	o_Wh_Loss	o_Wh_Shaft	o_Wh_input	obj_o_Weight_Act	constr_o_OP1_max_temp	constr_o_Op1_ShaftToruqe	obj_o_Wh_Loss
277	11	6.88375	0.30325	0.3775624999999999	117.85	0.7785	2.285625	0.3758750000000001	6.65875	6.85375	0.3751	1.958125	1.568125	0.8708750000000001	0.5935625	0.11125	0.7244875000000001	0.7771250000000001	399.1	1834.4375	1.528125	636.3961030678927	129.3825	82.80185055625959	1299.99930142	787.0397332479999	80.31825112399883	11.53016174144798	114.7103232574025	5.93346759975551	38.82084377592539	41.20982067844102	24.40103024123296	599.435009415	9751.810634900001	10313.9545898				
