#	i_init_Turns_Coil	L2_Magnet_Thickness	L1_Web_Length	L2_Pole_Arc	L1_Pole_V_angle	L1_Pole_Arc	u_YtoT	L1_Web_Thickness	L1_Magnet_Thickness	L1_Magnet_Separation	L2_Magnet_Bar_Width	L1_Magnet_Post	L2_Bridge_Thickness	L1_Magnet_Bar_Width	i_Tooth_Width_Ratio	L2_Web_Thickness	i_Split_Ratio	i_Slot_Op_Ratio	i_Stator_OD	i_AmpT_rms	L1_Bridge_Thickness	i_Line_Current_RMS	i_Active_Length	o_OP1_max_temp	o_Op1_ShaftToruqe	o_Op1_ipk	o_Torque_Density	o_Turn_Coil	o_Weight_Act	o_Weight_Mag	o_Weight_Rot_Core	o_Weight_Stat_Core	o_Weight_Wdg	o_Wh_Loss	o_Wh_Shaft	o_Wh_input	obj_o_Weight_Act	constr_o_OP1_max_temp	constr_o_Op1_ShaftToruqe	obj_o_Wh_Loss
41	11	4.36375	0.63325	0.3865624999999999	104.85	0.7364999999999999	2.520625	0.8326250000000001	5.27875	3.52875	0.6257	1.589375	1.728125	0.8588750000000001	0.5628124999999999	0.6932499999999999	0.6708625000000001	0.555125	368.7	1879.9375	1.768125	636.3961030678927	138.6125	88.25024723748641	1299.99999244	760.907017095	87.84252212887871	11.81614715072787	102.5033666570006	4.581984007484299	35.0129301031493	37.80093930993246	20.7549633240307	565.975993622	9751.81027113	10279.8976721				
