#	i_init_Turns_Coil	L2_Magnet_Thickness	L1_Web_Length	L2_Pole_Arc	L1_Pole_V_angle	L1_Pole_Arc	u_YtoT	L1_Web_Thickness	L1_Magnet_Thickness	L1_Magnet_Separation	L2_Magnet_Bar_Width	L1_Magnet_Post	L2_Bridge_Thickness	L1_Magnet_Bar_Width	i_Tooth_Width_Ratio	L2_Web_Thickness	i_Split_Ratio	i_Slot_Op_Ratio	i_Stator_OD	i_AmpT_rms	L1_Bridge_Thickness	i_Line_Current_RMS	i_Active_Length	o_OP1_max_temp	o_Op1_ShaftToruqe	o_Op1_ipk	o_Torque_Density	o_Turn_Coil	o_Weight_Act	o_Weight_Mag	o_Weight_Rot_Core	o_Weight_Stat_Core	o_Weight_Wdg	o_Wh_Loss	o_Wh_Shaft	o_Wh_input	obj_o_Weight_Act	constr_o_OP1_max_temp	constr_o_Op1_ShaftToruqe	obj_o_Wh_Loss
235	11	6.21625	0.6257499999999999	0.4608125	127.75	0.6685	2.316875	0.6016250000000001	4.92625	1.81375	0.2911	1.748125	1.548125	0.815625	0.5740624999999999	0.5882499999999999	0.6788375000000001	0.615125	414.5	1626.1875	1.904375	636.3961030678927	128.7975	78.6324886712526	1250.92314008	900.000000342	71.97542564962886	10.22122852205155	125.130472570581	4.07328748024732	45.5301291366028	43.71740985201385	27.45711018267019	573.068927658	9751.80940477	10287.5803975				
