#	i_init_Turns_Coil	L2_Magnet_Thickness	L1_Web_Length	L2_Pole_Arc	L1_Pole_V_angle	L1_Pole_Arc	u_YtoT	L1_Web_Thickness	L1_Magnet_Thickness	L1_Magnet_Separation	L2_Magnet_Bar_Width	L1_Magnet_Post	L2_Bridge_Thickness	L1_Magnet_Bar_Width	i_Tooth_Width_Ratio	L2_Web_Thickness	i_Split_Ratio	i_Slot_Op_Ratio	i_Stator_OD	i_AmpT_rms	L1_Bridge_Thickness	i_Line_Current_RMS	i_Active_Length	o_OP1_max_temp	o_Op1_ShaftToruqe	o_Op1_ipk	o_Torque_Density	o_Turn_Coil	o_Weight_Act	o_Weight_Mag	o_Weight_Rot_Core	o_Weight_Stat_Core	o_Weight_Wdg	o_Wh_Loss	o_Wh_Shaft	o_Wh_input	obj_o_Weight_Act	constr_o_OP1_max_temp	constr_o_Op1_ShaftToruqe	obj_o_Wh_Loss
87	11	4.04875	0.35875	0.5879375	98.45	0.8434999999999999	2.493125	0.2778750000000001	4.16875	7.83375	0.6761	1.750625	1.959375	0.8278750000000001	0.5901875	0.5057499999999999	0.7676625	0.7186250000000001	360.9	1658.5625	1.775625	636.3961030678927	125.3525	95.4127024042249	1211.61070786	900.000000706	94.48578106653	10.42471814019301	89.42409243516404	3.818889350246834	29.99780332305333	33.33815452374403	17.92420971061744	551.23312659	9751.80946697	10262.1274975				
