#	i_init_Turns_Coil	L2_Magnet_Thickness	L1_Web_Length	L2_Pole_Arc	L1_Pole_V_angle	L1_Pole_Arc	u_YtoT	L1_Web_Thickness	L1_Magnet_Thickness	L1_Magnet_Separation	L2_Magnet_Bar_Width	L1_Magnet_Post	L2_Bridge_Thickness	L1_Magnet_Bar_Width	i_Tooth_Width_Ratio	L2_Web_Thickness	i_Split_Ratio	i_Slot_Op_Ratio	i_Stator_OD	i_AmpT_rms	L1_Bridge_Thickness	i_Line_Current_RMS	i_Active_Length	o_OP1_max_temp	o_Op1_ShaftToruqe	o_Op1_ipk	o_Torque_Density	o_Turn_Coil	o_Weight_Act	o_Weight_Mag	o_Weight_Rot_Core	o_Weight_Stat_Core	o_Weight_Wdg	o_Wh_Loss	o_Wh_Shaft	o_Wh_input	obj_o_Weight_Act	constr_o_OP1_max_temp	constr_o_Op1_ShaftToruqe	obj_o_Wh_Loss
216	11	5.81875	0.2717499999999999	0.4484374999999999	110.85	0.7184999999999999	2.526875	0.3408750000000001	5.70625	7.431249999999999	0.6271000000000001	1.856875	1.895625	0.8608750000000001	0.5654374999999999	0.31675	0.7035875	0.747125	422.9	1696.1875	1.600625	636.3961030678927	126.3275	71.30308800107299	1299.99933685	769.226414	73.26220362475063	10.66120607478984	128.4460633322964	5.269908122315107	45.95510119854473	45.27320258744519	27.59925628239041	593.625735814	9751.809871040001	10310.3496106				
