#	i_init_Turns_Coil	L2_Magnet_Thickness	L1_Web_Length	L2_Pole_Arc	L1_Pole_V_angle	L1_Pole_Arc	u_YtoT	L1_Web_Thickness	L1_Magnet_Thickness	L1_Magnet_Separation	L2_Magnet_Bar_Width	L1_Magnet_Post	L2_Bridge_Thickness	L1_Magnet_Bar_Width	i_Tooth_Width_Ratio	L2_Web_Thickness	i_Split_Ratio	i_Slot_Op_Ratio	i_Stator_OD	i_AmpT_rms	L1_Bridge_Thickness	i_Line_Current_RMS	i_Active_Length	o_OP1_max_temp	o_Op1_ShaftToruqe	o_Op1_ipk	o_Torque_Density	o_Turn_Coil	o_Weight_Act	o_Weight_Mag	o_Weight_Rot_Core	o_Weight_Stat_Core	o_Weight_Wdg	o_Wh_Loss	o_Wh_Shaft	o_Wh_input	obj_o_Weight_Act	constr_o_OP1_max_temp	constr_o_Op1_ShaftToruqe	obj_o_Wh_Loss
85	11	4.79125	0.25525	0.4945624999999999	116.45	0.5645	2.503125	0.3706250000000001	6.50875	6.83625	0.6033000000000001	1.891875	1.938125	0.8526250000000001	0.6093124999999999	0.63025	0.7068875000000001	0.6976250000000001	431.1	1894.8125	1.506875	636.3961030678927	130.4875	72.6274746644474	1299.99952653	687.706186252	68.25403902967871	11.90964238068476	137.382077173937	4.807355628216136	50.65894722071447	50.25895076307847	27.30812826861996	608.328389849	9751.810642730001	10324.8024273				
