#	i_init_Turns_Coil	L2_Magnet_Thickness	L1_Web_Length	L2_Pole_Arc	L1_Pole_V_angle	L1_Pole_Arc	u_YtoT	L1_Web_Thickness	L1_Magnet_Thickness	L1_Magnet_Separation	L2_Magnet_Bar_Width	L1_Magnet_Post	L2_Bridge_Thickness	L1_Magnet_Bar_Width	i_Tooth_Width_Ratio	L2_Web_Thickness	i_Split_Ratio	i_Slot_Op_Ratio	i_Stator_OD	i_AmpT_rms	L1_Bridge_Thickness	i_Line_Current_RMS	i_Active_Length	o_OP1_max_temp	o_Op1_ShaftToruqe	o_Op1_ipk	o_Torque_Density	o_Turn_Coil	o_Weight_Act	o_Weight_Mag	o_Weight_Rot_Core	o_Weight_Stat_Core	o_Weight_Wdg	o_Wh_Loss	o_Wh_Shaft	o_Wh_input	obj_o_Weight_Act	constr_o_OP1_max_temp	constr_o_Op1_ShaftToruqe	obj_o_Wh_Loss
25	11	4.39375	0.53125	0.6126874999999999	119.85	0.7715	2.724375	0.2463750000000001	4.27375	4.19375	0.3639	1.699375	1.869375	0.8221250000000001	0.6156874999999999	0.58675	0.6656375000000001	0.6038750000000001	371.7	1732.9375	1.916875	636.3961030678927	131.0725	102.443848118482	1273.20759711	900.000000133	89.51846669035271	10.89219428997745	99.01869099967359	3.435483466694853	34.88404246746124	38.63255151252792	17.71917034000799	516.258339187	9751.809302490001	10226.3494572				
