#	i_init_Turns_Coil	L2_Magnet_Thickness	L1_Web_Length	L2_Pole_Arc	L1_Pole_V_angle	L1_Pole_Arc	u_YtoT	L1_Web_Thickness	L1_Magnet_Thickness	L1_Magnet_Separation	L2_Magnet_Bar_Width	L1_Magnet_Post	L2_Bridge_Thickness	L1_Magnet_Bar_Width	i_Tooth_Width_Ratio	L2_Web_Thickness	i_Split_Ratio	i_Slot_Op_Ratio	i_Stator_OD	i_AmpT_rms	L1_Bridge_Thickness	i_Line_Current_RMS	i_Active_Length	o_OP1_max_temp	o_Op1_ShaftToruqe	o_Op1_ipk	o_Torque_Density	o_Turn_Coil	o_Weight_Act	o_Weight_Mag	o_Weight_Rot_Core	o_Weight_Stat_Core	o_Weight_Wdg	o_Wh_Loss	o_Wh_Shaft	o_Wh_input	obj_o_Weight_Act	constr_o_OP1_max_temp	constr_o_Op1_ShaftToruqe	obj_o_Wh_Loss
152	11	4.70875	0.56575	0.5946874999999999	115.45	0.8025	2.608125	0.8921250000000001	6.141249999999999	7.57125	0.4913	1.661875	1.876875	0.8698750000000001	0.5913124999999999	0.54025	0.6961625000000001	0.6893750000000001	382.1	1678.6875	1.901875	636.3961030678927	118.1375	91.7586180429826	1242.07070726	900.000000484	91.68844063960239	10.55121168660527	96.29809576666341	4.703954723335887	32.17193555989144	35.65961160995526	19.4163701985933	547.426699884	9751.80921729	10259.7069715				
