#	i_init_Turns_Coil	L2_Magnet_Thickness	L1_Web_Length	L2_Pole_Arc	L1_Pole_V_angle	L1_Pole_Arc	u_YtoT	L1_Web_Thickness	L1_Magnet_Thickness	L1_Magnet_Separation	L2_Magnet_Bar_Width	L1_Magnet_Post	L2_Bridge_Thickness	L1_Magnet_Bar_Width	i_Tooth_Width_Ratio	L2_Web_Thickness	i_Split_Ratio	i_Slot_Op_Ratio	i_Stator_OD	i_AmpT_rms	L1_Bridge_Thickness	i_Line_Current_RMS	i_Active_Length	o_OP1_max_temp	o_Op1_ShaftToruqe	o_Op1_ipk	o_Torque_Density	o_Turn_Coil	o_Weight_Act	o_Weight_Mag	o_Weight_Rot_Core	o_Weight_Stat_Core	o_Weight_Wdg	o_Wh_Loss	o_Wh_Shaft	o_Wh_input	obj_o_Weight_Act	constr_o_OP1_max_temp	constr_o_Op1_ShaftToruqe	obj_o_Wh_Loss
150	11	6.19375	0.6692499999999999	0.4619374999999999	99.45	0.5874999999999999	2.725625	0.624375	5.87875	3.03875	0.5711000000000001	1.911875	1.790625	0.8018750000000001	0.5110625	0.6617500000000001	0.7517125000000001	0.6248750000000001	374.5	1837.0625	1.851875	636.3961030678927	141.5375	85.5205362685216	1299.99995563	781.943289007	83.38314886732503	11.54666089967566	107.70422168342	5.073750702218244	36.62651938381892	39.03503602692426	22.61380705148972	554.272398525	9751.810293930001	10268.5439276				
