#	i_init_Turns_Coil	L2_Magnet_Thickness	L1_Web_Length	L2_Pole_Arc	L1_Pole_V_angle	L1_Pole_Arc	u_YtoT	L1_Web_Thickness	L1_Magnet_Thickness	L1_Magnet_Separation	L2_Magnet_Bar_Width	L1_Magnet_Post	L2_Bridge_Thickness	L1_Magnet_Bar_Width	i_Tooth_Width_Ratio	L2_Web_Thickness	i_Split_Ratio	i_Slot_Op_Ratio	i_Stator_OD	i_AmpT_rms	L1_Bridge_Thickness	i_Line_Current_RMS	i_Active_Length	o_OP1_max_temp	o_Op1_ShaftToruqe	o_Op1_ipk	o_Torque_Density	o_Turn_Coil	o_Weight_Act	o_Weight_Mag	o_Weight_Rot_Core	o_Weight_Stat_Core	o_Weight_Wdg	o_Wh_Loss	o_Wh_Shaft	o_Wh_input	obj_o_Weight_Act	constr_o_OP1_max_temp	constr_o_Op1_ShaftToruqe	obj_o_Wh_Loss
160	11	6.891249999999999	0.2537499999999999	0.5530624999999999	106.45	0.5415	2.571875	0.6348750000000001	5.99125	3.91375	0.7979000000000001	1.899375	1.729375	0.8521250000000001	0.5054375	0.24325	0.7533625	0.705875	379.1	1904.4375	1.636875	636.3961030678927	134.0625	85.5881501870782	1299.99999685	780.720293385	85.9089848457093	11.97013929418627	106.1379687363069	5.134891464343497	35.9561788454214	36.96119535383926	23.73400550945573	571.363041719	9751.809347079999	10285.9863122				
