#	i_init_Turns_Coil	L2_Magnet_Thickness	L1_Web_Length	L2_Pole_Arc	L1_Pole_V_angle	L1_Pole_Arc	u_YtoT	L1_Web_Thickness	L1_Magnet_Thickness	L1_Magnet_Separation	L2_Magnet_Bar_Width	L1_Magnet_Post	L2_Bridge_Thickness	L1_Magnet_Bar_Width	i_Tooth_Width_Ratio	L2_Web_Thickness	i_Split_Ratio	i_Slot_Op_Ratio	i_Stator_OD	i_AmpT_rms	L1_Bridge_Thickness	i_Line_Current_RMS	i_Active_Length	o_OP1_max_temp	o_Op1_ShaftToruqe	o_Op1_ipk	o_Torque_Density	o_Turn_Coil	o_Weight_Act	o_Weight_Mag	o_Weight_Rot_Core	o_Weight_Stat_Core	o_Weight_Wdg	o_Wh_Loss	o_Wh_Shaft	o_Wh_input	obj_o_Weight_Act	constr_o_OP1_max_temp	constr_o_Op1_ShaftToruqe	obj_o_Wh_Loss
320	11	4.41625	0.11575	0.5361874999999999	112.35	0.6304999999999999	2.704375	0.619125	6.08125	1.25375	0.5305000000000001	1.968125	1.716875	0.846875	0.5166875	0.45175	0.7643625000000001	0.6188750000000001	362.9	1613.0625	1.908125	636.3961030678927	136.7275	89.67792990585301	1239.52306144	900.000000218	87.64656911529153	10.13873273091312	97.84611453403647	4.504233312176216	33.01222016536391	35.49909469580916	20.47735981590102	549.616050814	9751.81117999	10262.1453381				
