#	i_init_Turns_Coil	L2_Magnet_Thickness	L1_Web_Length	L2_Pole_Arc	L1_Pole_V_angle	L1_Pole_Arc	u_YtoT	L1_Web_Thickness	L1_Magnet_Thickness	L1_Magnet_Separation	L2_Magnet_Bar_Width	L1_Magnet_Post	L2_Bridge_Thickness	L1_Magnet_Bar_Width	i_Tooth_Width_Ratio	L2_Web_Thickness	i_Split_Ratio	i_Slot_Op_Ratio	i_Stator_OD	i_AmpT_rms	L1_Bridge_Thickness	i_Line_Current_RMS	i_Active_Length	o_OP1_max_temp	o_Op1_ShaftToruqe	o_Op1_ipk	o_Torque_Density	o_Turn_Coil	o_Weight_Act	o_Weight_Mag	o_Weight_Rot_Core	o_Weight_Stat_Core	o_Weight_Wdg	o_Wh_Loss	o_Wh_Shaft	o_Wh_input	obj_o_Weight_Act	constr_o_OP1_max_temp	constr_o_Op1_ShaftToruqe	obj_o_Wh_Loss
202	11	4.61125	0.4952499999999999	0.6678125	117.65	0.6264999999999999	2.468125	0.559625	6.65125	6.171250000000001	0.7181000000000001	1.688125	1.688125	0.849875	0.5305624999999999	0.30025	0.6950625	0.7216250000000001	389.5	1914.0625	1.595625	636.3961030678927	126.1325	81.10755769577381	1299.99999803	753.533105962	86.4990907935132	12.03063620768779	107.1698874968888	4.972806996082041	36.61910469938529	37.02115677945984	24.20733405834722	571.117857107	9751.8091883	10286.6822329				
