#	i_init_Turns_Coil	L2_Magnet_Thickness	L1_Web_Length	L2_Pole_Arc	L1_Pole_V_angle	L1_Pole_Arc	u_YtoT	L1_Web_Thickness	L1_Magnet_Thickness	L1_Magnet_Separation	L2_Magnet_Bar_Width	L1_Magnet_Post	L2_Bridge_Thickness	L1_Magnet_Bar_Width	i_Tooth_Width_Ratio	L2_Web_Thickness	i_Split_Ratio	i_Slot_Op_Ratio	i_Stator_OD	i_AmpT_rms	L1_Bridge_Thickness	i_Line_Current_RMS	i_Active_Length	o_OP1_max_temp	o_Op1_ShaftToruqe	o_Op1_ipk	o_Torque_Density	o_Turn_Coil	o_Weight_Act	o_Weight_Mag	o_Weight_Rot_Core	o_Weight_Stat_Core	o_Weight_Wdg	o_Wh_Loss	o_Wh_Shaft	o_Wh_input	obj_o_Weight_Act	constr_o_OP1_max_temp	constr_o_Op1_ShaftToruqe	obj_o_Wh_Loss
226	11	4.16125	0.6917499999999999	0.7971874999999999	99.34999999999999	0.5475	2.500625	0.7328750000000001	5.36875	7.88625	0.3009	1.653125	1.906875	0.8061250000000001	0.6366875	0.2477499999999999	0.7591375	0.708875	409.7	1858.9375	1.589375	636.3961030678927	117.9425	96.5988151474225	1295.25187248	901.378090422	83.30327781411093	11.68415388490638	111.7139411121672	3.281718509249237	40.41166326831467	41.93871404523595	21.73699123235038	565.074731111	9751.81014048	10276.4581747				
