#	i_init_Turns_Coil	L2_Magnet_Thickness	L1_Web_Length	L2_Pole_Arc	L1_Pole_V_angle	L1_Pole_Arc	u_YtoT	L1_Web_Thickness	L1_Magnet_Thickness	L1_Magnet_Separation	L2_Magnet_Bar_Width	L1_Magnet_Post	L2_Bridge_Thickness	L1_Magnet_Bar_Width	i_Tooth_Width_Ratio	L2_Web_Thickness	i_Split_Ratio	i_Slot_Op_Ratio	i_Stator_OD	i_AmpT_rms	L1_Bridge_Thickness	i_Line_Current_RMS	i_Active_Length	o_OP1_max_temp	o_Op1_ShaftToruqe	o_Op1_ipk	o_Torque_Density	o_Turn_Coil	o_Weight_Act	o_Weight_Mag	o_Weight_Rot_Core	o_Weight_Stat_Core	o_Weight_Wdg	o_Wh_Loss	o_Wh_Shaft	o_Wh_input	obj_o_Weight_Act	constr_o_OP1_max_temp	constr_o_Op1_ShaftToruqe	obj_o_Wh_Loss
46	11	6.68875	0.6572499999999999	0.4799375	109.65	0.8634999999999999	2.525625	0.888625	4.44625	7.58875	0.7615000000000001	1.984375	1.705625	0.8718750000000001	0.6186874999999999	0.25525	0.7687625000000001	0.536375	403.3	1868.5625	1.885625	636.3961030678927	128.6025	74.85364663061959	1299.9999866	673.294756746	79.13117439745827	11.7446507984079	117.1547933282118	5.663917139294822	40.83860539457721	43.87339161330215	22.42843710238012	599.196802272	9751.80850755	10315.4575594				
