#	i_lineCurrentLabpk	i_BuildLineCurrentRMS	i_YtoT	L1_Bridge_Thickness	L1_Magnet_Bar_Width	L1_Magnet_Segments	L1_Magnet_Thickness	L1_Pole_Arc	L1_Web_Length	L1_Web_Thickness	i_TurnLab	L2_Bridge_Thickness	L1_Magnet_Post	L2_Magnet_Bar_Width	L2_Magnet_Post	L1_Magnet_Separation	L2_Magnet_Segments	L2_Magnet_Thickness	L1_Pole_V_angle	L2_Pole_Arc	L2_Magnet_Separation	i_Active_Length	i_Split_Ratio	L2_Web_Thickness	i_Tooth_Width_Ratio	L2_Web_Length	i_Stator_OD	i_Slot_Op_Ratio	o_LabCurrentJ	o_Maxtorque	o_Op1_Jrms	o_Op2_max_temp	o_TorqueVolumeDensity	o_Weight_Act	o_Wh_Loss	constr_o_Op2_max_temp	obj_o_Wh_Loss	obj_o_Weight_Act
2	850.0000508995749	742.4621	2.605197198830093	1.8	0.9851984445712896	1	4.688486916115225	0.8122015143583783	0.104	0.15	11	1.5	1.5	0.7201951699782952	0	6.2	1	4.885113111119717	105.688170541123	0.2646350424659128	0	117.190067873929	0.7	0.6899999999999999	0.6273277249703691	0.064	395.1886947131292	0.8	13.11968505430833	1125.499122169567	14.61357315373293	131.4214424778787	76.08282964373204	102.9920568068796	592.0224549048363	48.57855752212132	592.0224549048363	102.9920568068796
