#	i_init_Turns_Coil	L2_Magnet_Thickness	L1_Web_Length	L2_Pole_Arc	L1_Pole_V_angle	L1_Pole_Arc	u_YtoT	L1_Web_Thickness	L1_Magnet_Thickness	L1_Magnet_Separation	L2_Magnet_Bar_Width	L1_Magnet_Post	L2_Bridge_Thickness	L1_Magnet_Bar_Width	i_Tooth_Width_Ratio	L2_Web_Thickness	i_Split_Ratio	i_Slot_Op_Ratio	i_Stator_OD	i_AmpT_rms	L1_Bridge_Thickness	i_Line_Current_RMS	i_Active_Length	o_OP1_max_temp	o_Op1_ShaftToruqe	o_Op1_ipk	o_Torque_Density	o_Turn_Coil	o_Weight_Act	o_Weight_Mag	o_Weight_Rot_Core	o_Weight_Stat_Core	o_Weight_Wdg	o_Wh_Loss	o_Wh_Shaft	o_Wh_input	obj_o_Weight_Act	constr_o_OP1_max_temp	constr_o_Op1_ShaftToruqe	obj_o_Wh_Loss
81	11	6.12625	0.30625	0.5643125	99.65000000000001	0.7935	2.681875	0.7346250000000001	4.68625	4.82375	0.6313	1.630625	1.969375	0.8446250000000001	0.5508124999999999	0.56425	0.7387875	0.6068750000000001	417.7	1801.1875	1.816875	636.3961030678927	122.0375	71.5883706036567	1299.99972264	720.619356677	77.73759945294864	11.32117240389729	121.5354217825948	5.331151669312175	42.93383746739195	42.96433243951725	25.9521632153281	591.491077977	9751.81017556	10308.4863115				
