#	i_init_Turns_Coil	L2_Magnet_Thickness	L1_Web_Length	L2_Pole_Arc	L1_Pole_V_angle	L1_Pole_Arc	u_YtoT	L1_Web_Thickness	L1_Magnet_Thickness	L1_Magnet_Separation	L2_Magnet_Bar_Width	L1_Magnet_Post	L2_Bridge_Thickness	L1_Magnet_Bar_Width	i_Tooth_Width_Ratio	L2_Web_Thickness	i_Split_Ratio	i_Slot_Op_Ratio	i_Stator_OD	i_AmpT_rms	L1_Bridge_Thickness	i_Line_Current_RMS	i_Active_Length	o_OP1_max_temp	o_Op1_ShaftToruqe	o_Op1_ipk	o_Torque_Density	o_Turn_Coil	o_Weight_Act	o_Weight_Mag	o_Weight_Rot_Core	o_Weight_Stat_Core	o_Weight_Wdg	o_Wh_Loss	o_Wh_Shaft	o_Wh_input	obj_o_Weight_Act	constr_o_OP1_max_temp	constr_o_Op1_ShaftToruqe	obj_o_Wh_Loss
274	11	6.60625	0.51925	0.7049375	124.95	0.6004999999999999	2.298125	0.8763750000000001	5.94625	5.82125	0.4325	1.874375	1.829375	0.8118750000000001	0.5943124999999999	0.22675	0.6881875000000001	0.609125	436.3	1905.3125	1.779375	636.3961030678927	137.0525	72.1715971689358	1300.00000005	712.658184192	63.44480735048477	11.9756390135955	147.466467045427	5.096370232727824	54.55307469110816	52.31883355300337	31.14434691817842	580.5198430409999	9751.81126601	10298.5363335				
