#	i_init_Turns_Coil	L2_Magnet_Thickness	L1_Web_Length	L2_Pole_Arc	L1_Pole_V_angle	L1_Pole_Arc	u_YtoT	L1_Web_Thickness	L1_Magnet_Thickness	L1_Magnet_Separation	L2_Magnet_Bar_Width	L1_Magnet_Post	L2_Bridge_Thickness	L1_Magnet_Bar_Width	i_Tooth_Width_Ratio	L2_Web_Thickness	i_Split_Ratio	i_Slot_Op_Ratio	i_Stator_OD	i_AmpT_rms	L1_Bridge_Thickness	i_Line_Current_RMS	i_Active_Length	o_OP1_max_temp	o_Op1_ShaftToruqe	o_Op1_ipk	o_Torque_Density	o_Turn_Coil	o_Weight_Act	o_Weight_Mag	o_Weight_Rot_Core	o_Weight_Stat_Core	o_Weight_Wdg	o_Wh_Loss	o_Wh_Shaft	o_Wh_input	obj_o_Weight_Act	constr_o_OP1_max_temp	constr_o_Op1_ShaftToruqe	obj_o_Wh_Loss
47	11	6.20875	0.32125	0.6453125	122.15	0.5435	2.314375	0.841375	4.70125	6.36375	0.6719000000000001	1.908125	1.853125	0.8243750000000001	0.5039374999999999	0.34825	0.7137625000000001	0.7621250000000001	402.1	1671.6875	1.960625	636.3961030678927	122.4925	78.2773929354195	1080.821558	900.000000552	69.48426573171659	10.50721393133144	112.6941251092396	3.513528923034389	40.2207723827138	36.66154748936953	27.94866271370497	563.3636758809999	9751.809947440001	10275.3852754				
