#	i_init_Turns_Coil	L2_Magnet_Thickness	L1_Web_Length	L2_Pole_Arc	L1_Pole_V_angle	L1_Pole_Arc	u_YtoT	L1_Web_Thickness	L1_Magnet_Thickness	L1_Magnet_Separation	L2_Magnet_Bar_Width	L1_Magnet_Post	L2_Bridge_Thickness	L1_Magnet_Bar_Width	i_Tooth_Width_Ratio	L2_Web_Thickness	i_Split_Ratio	i_Slot_Op_Ratio	i_Stator_OD	i_AmpT_rms	L1_Bridge_Thickness	i_Line_Current_RMS	i_Active_Length	o_OP1_max_temp	o_Op1_ShaftToruqe	o_Op1_ipk	o_Torque_Density	o_Turn_Coil	o_Weight_Act	o_Weight_Mag	o_Weight_Rot_Core	o_Weight_Stat_Core	o_Weight_Wdg	o_Wh_Loss	o_Wh_Shaft	o_Wh_input	obj_o_Weight_Act	constr_o_OP1_max_temp	constr_o_Op1_ShaftToruqe	obj_o_Wh_Loss
132	11	4.82875	0.53425	0.4518125	129.55	0.8674999999999999	2.339375	0.804625	5.03875	2.88125	0.6593	1.986875	1.586875	0.817625	0.5665625	0.4577499999999999	0.6983625000000001	0.6278750000000001	395.5	1680.4375	1.651875	636.3961030678927	140.1725	74.6446995648881	1300.00000002	777.6689179270001	75.4914341825649	10.56221112542373	121.6195540068696	5.135539563058165	43.22913463579921	43.16058149292322	25.74175646389183	605.538431093	9751.809662060001	10321.1526632				
