#	i_init_Turns_Coil	L2_Magnet_Thickness	L1_Web_Length	L2_Pole_Arc	L1_Pole_V_angle	L1_Pole_Arc	u_YtoT	L1_Web_Thickness	L1_Magnet_Thickness	L1_Magnet_Separation	L2_Magnet_Bar_Width	L1_Magnet_Post	L2_Bridge_Thickness	L1_Magnet_Bar_Width	i_Tooth_Width_Ratio	L2_Web_Thickness	i_Split_Ratio	i_Slot_Op_Ratio	i_Stator_OD	i_AmpT_rms	L1_Bridge_Thickness	i_Line_Current_RMS	i_Active_Length	o_OP1_max_temp	o_Op1_ShaftToruqe	o_Op1_ipk	o_Torque_Density	o_Turn_Coil	o_Weight_Act	o_Weight_Mag	o_Weight_Rot_Core	o_Weight_Stat_Core	o_Weight_Wdg	o_Wh_Loss	o_Wh_Shaft	o_Wh_input	obj_o_Weight_Act	constr_o_OP1_max_temp	constr_o_Op1_ShaftToruqe	obj_o_Wh_Loss
149	11	5.00125	0.4067499999999999	0.7499375	90.75	0.8245	2.594375	0.473875	5.27125	6.10125	0.7237	1.824375	1.696875	0.8198750000000001	0.5365624999999999	0.67225	0.7407125000000001	0.5311250000000001	433.1	1823.0625	1.654375	636.3961030678927	117.2275	67.5895805579963	1299.99962727	692.883584308	75.27443001254983	11.458665389128	127.7463183899487	6.118622431684817	44.64632294788177	43.4577427180163	29.16533953474906	673.951320817	9751.81070987	10390.628847				
